#
# A fatal error has been detected by the Java Runtime Environment:
#
#  EXCEPTION_ACCESS_VIOLATION (0xc0000005) at pc=0x00007ffa85367cbe, pid=20712, tid=4488
#
# JRE version: OpenJDK Runtime Environment Microsoft-11369865 (17.0.15+6) (build 17.0.15+6-LTS)
# Java VM: OpenJDK 64-Bit Server VM Microsoft-11369865 (17.0.15+6-LTS, mixed mode, tiered, compressed oops, compressed class ptrs, g1 gc, windows-amd64)
# Problematic frame:
# C  [jemalloc.dll+0x7cbe]
#
# No core dump will be written. Minidumps are not enabled by default on client versions of Windows
#
# If you would like to submit a bug report, please visit:
#   https://aka.ms/minecraftjavacrashes
# The crash happened outside the Java Virtual Machine in native code.
# See problematic frame for where to report the bug.
#

---------------  S U M M A R Y ------------

Command Line: -Dos.name=Windows 10 -Dos.version=10.0 -XX:HeapDumpPath=MojangTricksIntelDriversForPerformance_javaw.exe_minecraft.exe.heapdump -Xss1M -Djava.library.path=C:\Users\Maycon Souza\AppData\Roaming\.minecraft\versions\TineTiDev\natives -Djna.tmpdir=C:\Users\Maycon Souza\AppData\Roaming\.minecraft\versions\TineTiDev\natives -Dorg.lwjgl.system.SharedLibraryExtractPath=C:\Users\Maycon Souza\AppData\Roaming\.minecraft\versions\TineTiDev\natives -Dio.netty.native.workdir=C:\Users\Maycon Souza\AppData\Roaming\.minecraft\versions\TineTiDev\natives -Dminecraft.launcher.brand=minecraft-launcher -Dminecraft.launcher.version=2.3.173 -Djava.net.preferIPv6Addresses=system -DignoreList=bootstraplauncher,securejarhandler,asm-commons,asm-util,asm-analysis,asm-tree,asm,JarJarFileSystems,client-extra,fmlcore,javafmllanguage,lowcodelanguage,mclanguage,forge-,TineTiDev.jar -DmergeModules=jna-5.10.0.jar,jna-platform-5.10.0.jar -DlibraryDirectory=C:\Users\Maycon Souza\AppData\Roaming\.minecraft\libraries --module-path=C:\Users\Maycon Souza\AppData\Roaming\.minecraft\libraries/cpw/mods/bootstraplauncher/1.1.2/bootstraplauncher-1.1.2.jar;C:\Users\Maycon Souza\AppData\Roaming\.minecraft\libraries/cpw/mods/securejarhandler/2.1.10/securejarhandler-2.1.10.jar;C:\Users\Maycon Souza\AppData\Roaming\.minecraft\libraries/org/ow2/asm/asm-commons/9.8/asm-commons-9.8.jar;C:\Users\Maycon Souza\AppData\Roaming\.minecraft\libraries/org/ow2/asm/asm-util/9.8/asm-util-9.8.jar;C:\Users\Maycon Souza\AppData\Roaming\.minecraft\libraries/org/ow2/asm/asm-analysis/9.8/asm-analysis-9.8.jar;C:\Users\Maycon Souza\AppData\Roaming\.minecraft\libraries/org/ow2/asm/asm-tree/9.8/asm-tree-9.8.jar;C:\Users\Maycon Souza\AppData\Roaming\.minecraft\libraries/org/ow2/asm/asm/9.8/asm-9.8.jar;C:\Users\Maycon Souza\AppData\Roaming\.minecraft\libraries/net/minecraftforge/JarJarFileSystems/0.3.19/JarJarFileSystems-0.3.19.jar --add-modules=ALL-MODULE-PATH --add-opens=java.base/java.util.jar=cpw.mods.securejarhandler --add-opens=java.base/java.lang.invoke=cpw.mods.securejarhandler --add-exports=java.base/sun.security.util=cpw.mods.securejarhandler --add-exports=jdk.naming.dns/com.sun.jndi.dns=java.naming -Xmx6808M -XX:+UnlockExperimentalVMOptions -XX:+UseG1GC -XX:G1NewSizePercent=20 -XX:G1ReservePercent=20 -XX:MaxGCPauseMillis=50 -XX:G1HeapRegionSize=32M -Dfml.ignoreInvalidMinecraftCertificates=true -Dfml.ignorePatchDiscrepancies=true -Djava.net.preferIPv4Stack=true -Dminecraft.applet.TargetDirectory=C:\Users\Maycon Souza\AppData\Roaming\.minecraft\versions\TineTiDev -DlibraryDirectory=C:\Users\Maycon Souza\AppData\Roaming\.minecraft\libraries -Dcountry=BR -Dlog4j.configurationFile=C:\Users\Maycon Souza\AppData\Roaming\.minecraft\assets\log_configs\client-1.12.xml -DLibLoader.modsFolder=C:\Users\Maycon Souza\AppData\Roaming\.minecraft\versions\TineTiDev\mods cpw.mods.bootstraplauncher.BootstrapLauncher --username maycon2 --version TineTiDev --gameDir C:\Users\Maycon Souza\AppData\Roaming\.minecraft\versions\TineTiDev --assetsDir C:\Users\Maycon Souza\AppData\Roaming\.minecraft\assets --assetIndex 5 --uuid 1088f583a5ac4c109f3d28db9b781e4f --accessToken null --clientId null --xuid null --userType mojang --versionType modified --width 925 --height 530 --launchTarget forgeclient --fml.forgeVersion 47.4.10 --fml.mcVersion 1.20.1 --fml.forgeGroup net.minecraftforge --fml.mcpVersion 20230612.114412

Host: AMD Ryzen 5 5500                               , 12 cores, 15G,  Windows 11 , 64 bit Build 26100 (10.0.26100.8875)
Time: Fri Jul 17 12:29:16 2026 Hora oficial do Brasil elapsed time: 6126.065368 seconds (0d 1h 42m 6s)

---------------  T H R E A D  ---------------

Current thread (0x00000251279d3b10):  JavaThread "Render thread" [_thread_in_native, id=4488, stack(0x000000fab2500000,0x000000fab2600000)]

Stack: [0x000000fab2500000,0x000000fab2600000],  sp=0x000000fab25fd320,  free space=1012k
Native frames: (J=compiled Java code, j=interpreted, Vv=VM code, C=native code)
C  [jemalloc.dll+0x7cbe]

Java frames: (J=compiled Java code, j=interpreted, Vv=VM code)
J 16477  org.lwjgl.system.JNI.invokePP(JJ)J org.lwjgl@3.3.1+7 (0 bytes) @ 0x000002513509356c [0x0000025135093520+0x000000000000004c]
J 45279 c2 org.lwjgl.system.MemoryUtil.nmemAllocChecked(J)J org.lwjgl@3.3.1+7 (37 bytes) @ 0x00000251367c32c4 [0x00000251367c32a0+0x0000000000000024]
J 45530 c1 com.mojang.blaze3d.shaders.Uniform.<init>(Ljava/lang/String;IILcom/mojang/blaze3d/shaders/Shader;)V minecraft@1.20.1 (69 bytes) @ 0x000002512cc05564 [0x000002512cc05160+0x0000000000000404]
J 22542 c1 net.minecraft.client.renderer.ShaderInstance.m_173354_(Lcom/google/gson/JsonElement;)V minecraft@1.20.1 (349 bytes) @ 0x000002512e3946cc [0x000002512e391b20+0x0000000000002bac]
J 49652 c1 net.minecraft.client.renderer.ShaderInstance.<init>(Lnet/minecraft/server/packs/resources/ResourceProvider;Lnet/minecraft/resources/ResourceLocation;Lcom/mojang/blaze3d/vertex/VertexFormat;)V minecraft@1.20.1 (864 bytes) @ 0x000002512ff76ccc [0x000002512ff6f180+0x0000000000007b4c]
j  net.minecraft.client.renderer.ShaderInstance.<init>(Lnet/minecraft/server/packs/resources/ResourceProvider;Ljava/lang/String;Lcom/mojang/blaze3d/vertex/VertexFormat;)V+11 minecraft@1.20.1
j  net.minecraft.client.renderer.GameRenderer.m_172767_(Lnet/minecraft/server/packs/resources/ResourceProvider;)V+1645 minecraft@1.20.1
j  net.minecraft.client.renderer.GameRenderer$1.m_5787_(Lnet/minecraft/client/renderer/GameRenderer$ResourceCache;Lnet/minecraft/server/packs/resources/ResourceManager;Lnet/minecraft/util/profiling/ProfilerFiller;)V+5 minecraft@1.20.1
j  net.minecraft.client.renderer.GameRenderer$1.m_5787_(Ljava/lang/Object;Lnet/minecraft/server/packs/resources/ResourceManager;Lnet/minecraft/util/profiling/ProfilerFiller;)V+7 minecraft@1.20.1
j  net.minecraft.server.packs.resources.SimplePreparableReloadListener.m_10789_(Lnet/minecraft/server/packs/resources/ResourceManager;Lnet/minecraft/util/profiling/ProfilerFiller;Ljava/lang/Object;)V+25 minecraft@1.20.1
j  net.minecraft.server.packs.resources.SimplePreparableReloadListener$$Lambda$13354+0x0000000801de3858.accept(Ljava/lang/Object;)V+13 minecraft@1.20.1
J 28266 c2 java.util.concurrent.CompletableFuture$UniAccept.tryFire(I)Ljava/util/concurrent/CompletableFuture; java.base@17.0.15 (149 bytes) @ 0x0000025135796764 [0x0000025135795f80+0x00000000000007e4]
J 28267 c2 java.util.concurrent.CompletableFuture$Completion.run()V java.base@17.0.15 (7 bytes) @ 0x00000251357ee244 [0x00000251357ee200+0x0000000000000044]
j  net.minecraft.server.packs.resources.SimpleReloadInstance.m_143940_(Ljava/lang/Runnable;)V+1 minecraft@1.20.1
j  net.minecraft.server.packs.resources.SimpleReloadInstance$$Lambda$13785+0x0000000801e47a48.run()V+8 minecraft@1.20.1
J 43419 c2 net.minecraft.util.thread.BlockableEventLoop.m_18699_()V minecraft@1.20.1 (39 bytes) @ 0x00000251365356b4 [0x00000251365348e0+0x0000000000000dd4]
J 50405 c2 net.minecraft.client.Minecraft.m_91383_(Z)V minecraft@1.20.1 (1161 bytes) @ 0x0000025136f8eea8 [0x0000025136f8e620+0x0000000000000888]
J 55062% c2 net.minecraft.client.Minecraft.m_91374_()V minecraft@1.20.1 (296 bytes) @ 0x00000251374d5c6c [0x00000251374d5b00+0x000000000000016c]
j  net.minecraft.client.main.Main.main([Ljava/lang/String;)V+1579 minecraft@1.20.1
v  ~StubRoutines::call_stub
j  jdk.internal.reflect.NativeMethodAccessorImpl.invoke0(Ljava/lang/reflect/Method;Ljava/lang/Object;[Ljava/lang/Object;)Ljava/lang/Object;+0 java.base@17.0.15
j  jdk.internal.reflect.NativeMethodAccessorImpl.invoke(Ljava/lang/Object;[Ljava/lang/Object;)Ljava/lang/Object;+133 java.base@17.0.15
j  jdk.internal.reflect.DelegatingMethodAccessorImpl.invoke(Ljava/lang/Object;[Ljava/lang/Object;)Ljava/lang/Object;+6 java.base@17.0.15
j  java.lang.reflect.Method.invoke(Ljava/lang/Object;[Ljava/lang/Object;)Ljava/lang/Object;+59 java.base@17.0.15
j  net.minecraftforge.fml.loading.targets.CommonLaunchHandler.runTarget(Ljava/lang/String;[Ljava/lang/String;Ljava/lang/ModuleLayer;)V+39 fmlloader@1.20.1-47.4.10
j  net.minecraftforge.fml.loading.targets.CommonLaunchHandler.clientService([Ljava/lang/String;Ljava/lang/ModuleLayer;)V+5 fmlloader@1.20.1-47.4.10
j  net.minecraftforge.fml.loading.targets.CommonClientLaunchHandler.lambda$makeService$0([Ljava/lang/String;Ljava/lang/ModuleLayer;)V+3 fmlloader@1.20.1-47.4.10
j  net.minecraftforge.fml.loading.targets.CommonClientLaunchHandler$$Lambda$1053+0x000000080054e0a0.run()V+12 fmlloader@1.20.1-47.4.10
j  cpw.mods.modlauncher.LaunchServiceHandlerDecorator.launch([Ljava/lang/String;Ljava/lang/ModuleLayer;)V+11 cpw.mods.modlauncher@10.0.9
j  cpw.mods.modlauncher.LaunchServiceHandler.launch(Ljava/lang/String;[Ljava/lang/String;Ljava/lang/ModuleLayer;Lcpw/mods/modlauncher/TransformingClassLoader;Lcpw/mods/modlauncher/LaunchPluginHandler;)V+58 cpw.mods.modlauncher@10.0.9
j  cpw.mods.modlauncher.LaunchServiceHandler.launch(Lcpw/mods/modlauncher/ArgumentHandler;Ljava/lang/ModuleLayer;Lcpw/mods/modlauncher/TransformingClassLoader;Lcpw/mods/modlauncher/LaunchPluginHandler;)V+21 cpw.mods.modlauncher@10.0.9
j  cpw.mods.modlauncher.Launcher.run([Ljava/lang/String;)V+307 cpw.mods.modlauncher@10.0.9
j  cpw.mods.modlauncher.Launcher.main([Ljava/lang/String;)V+78 cpw.mods.modlauncher@10.0.9
j  cpw.mods.modlauncher.BootstrapLaunchConsumer.accept([Ljava/lang/String;)V+1 cpw.mods.modlauncher@10.0.9
j  cpw.mods.modlauncher.BootstrapLaunchConsumer.accept(Ljava/lang/Object;)V+5 cpw.mods.modlauncher@10.0.9
j  cpw.mods.bootstraplauncher.BootstrapLauncher.main([Ljava/lang/String;)V+515 cpw.mods.bootstraplauncher@1.1.2
v  ~StubRoutines::call_stub

siginfo: EXCEPTION_ACCESS_VIOLATION (0xc0000005), reading address 0x00000255a040f97c


Registers:
RAX=0x00000000ffffffff, RBX=0x00000251a040f940, RCX=0x00000251a040f940, RDX=0x00000000ffffffff
RSP=0x000000fab25fd320, RBP=0x0000000000000001, RSI=0x00007ffa855b2de0, RDI=0x0000000000000001
R8 =0x0000000000000000, R9 =0x00007ffa855b2e08, R10=0x00000251589c0008, R11=0x00000251573b2678
R12=0x0000000000000004, R13=0x00000251589c0268, R14=0x00000251a0407f78, R15=0x0000000000000004
RIP=0x00007ffa85367cbe, EFLAGS=0x0000000000010246

XMM[0]=0x0000000000000000 0x000000003f800000
XMM[1]=0x0000000000000000 0x0000000000000000
XMM[2]=0x0000000000000000 0x0000000000000001
XMM[3]=0x0000000000000000 0x0000000000000000
XMM[4]=0x0000000000000000 0x0000000000000000
XMM[5]=0x0000000000000000 0x00000007372745f8
XMM[6]=0x0020005d00200030 0x002e00310020002c
XMM[7]=0x0000000000000000 0x0000000000000000
XMM[8]=0x0000000000000000 0x0000000042400000
XMM[9]=0x0000000000000000 0x0000000042800000
XMM[10]=0x0000000000000000 0x0000000041800000
XMM[11]=0x0000000000000000 0x0000000041000000
XMM[12]=0x0000000000000000 0x0000000042800000
XMM[13]=0x0000000000000000 0x0000000000000000
XMM[14]=0x0000000000000000 0x000000003f800000
XMM[15]=0x0000000000000000 0x000000003e867fec
  MXCSR=0x00001fbf


Register to memory mapping:

RIP=0x00007ffa85367cbe jemalloc.dll
RAX=0x00000000ffffffff is an unknown value
RBX=0x00000251a040f940 points into unknown readable memory: 0x0003d80008107000 | 00 70 10 08 00 d8 03 00
RCX=0x00000251a040f940 points into unknown readable memory: 0x0003d80008107000 | 00 70 10 08 00 d8 03 00
RDX=0x00000000ffffffff is an unknown value
RSP=0x000000fab25fd320 is pointing into the stack for thread: 0x00000251279d3b10
RBP=0x0000000000000001 is an unknown value
RSI=0x00007ffa855b2de0 jemalloc.dll
RDI=0x0000000000000001 is an unknown value
R8 =0x0 is NULL
R9 =0x00007ffa855b2e08 jemalloc.dll
R10=0x00000251589c0008 points into unknown readable memory: 0x0000003100000100 | 00 01 00 00 31 00 00 00
R11=0x00000251573b2678 points into unknown readable memory: 0x00000251d8080640 | 40 06 08 d8 51 02 00 00
R12=0x0000000000000004 is an unknown value
R13=0x00000251589c0268 points into unknown readable memory: 0x00000000ffffffff | ff ff ff ff 00 00 00 00
R14=0x00000251a0407f78 points into unknown readable memory: 0x0000000000000000 | 00 00 00 00 00 00 00 00
R15=0x0000000000000004 is an unknown value


Top of Stack: (sp=0x000000fab25fd320)
0x000000fab25fd320:   0000000000000001 00007ffa853692b5
0x000000fab25fd330:   00000251589c0008 0000000000000000
0x000000fab25fd340:   0000000000000001 0000000000002000
0x000000fab25fd350:   0000000737274090 0000200000000322
0x000000fab25fd360:   00007ffa85360000 0000000000000000
0x000000fab25fd370:   000000073727d788 00000251589c0008
0x000000fab25fd380:   00000251589c01f8 00007ffa8536188f
0x000000fab25fd390:   00000251a0400980 00000251a0400980
0x000000fab25fd3a0:   00000251589c0258 0000000000000004
0x000000fab25fd3b0:   0000000000000004 000000fa00000000
0x000000fab25fd3c0:   00007ffa85360000 0000000000000000
0x000000fab25fd3d0:   00000251589c01f8 00007ffa85364fa9
0x000000fab25fd3e0:   0000000737274568 00000251589c0008
0x000000fab25fd3f0:   0000000000000040 0000000000000000
0x000000fab25fd400:   0000000000000004 0000000000000000
0x000000fab25fd410:   0000025100000000 00007ffa972f1380
0x000000fab25fd420:   00000251279d3b10 000000fab25fd530
0x000000fab25fd430:   0000000000000000 00007ffa85365382
0x000000fab25fd440:   0000000000000040 000000fab25fd479
0x000000fab25fd450:   0000000000000640 000000fab2022000
0x000000fab25fd460:   0000000000000000 e6e4e8ad00000004
0x000000fab25fd470:   0000000101000000 0000000000000000
0x000000fab25fd480:   00007ffa85397f28 00007ffa85397820
0x000000fab25fd490:   0000000000000000 000000fab25fd4e8
0x000000fab25fd4a0:   0000000000000000 0000000000000001
0x000000fab25fd4b0:   0000000000000040 0000000000000000
0x000000fab25fd4c0:   fffffffe00000000 e6e4f694ffffffff
0x000000fab25fd4d0:   000000fab25fd540 000002513509360c
0x000000fab25fd4e0:   0000000000000648 00000251279d3b10
0x000000fab25fd4f0:   0000000000000010 0000025133ff87e4
0x000000fab25fd500:   000000fab25fdb80 000002512e38ad1c
0x000000fab25fd510:   000000073727d238 000000073727d4c8 

Instructions: (pc=0x00007ffa85367cbe)
0x00007ffa85367bbe:   a8 28 00 00 c6 44 24 38 00 4c 8b c3 48 89 44 24
0x00007ffa85367bce:   30 48 8b d7 48 c7 44 24 28 00 00 00 00 49 8b ce
0x00007ffa85367bde:   c6 44 24 20 01 e8 28 07 00 00 48 8d 4b 40 c6 43
0x00007ffa85367bee:   48 00 ff 15 2a 84 02 00 48 8b 74 24 58 48 8b 5c
0x00007ffa85367bfe:   24 50 48 8b 6c 24 60 48 8b 7c 24 68 48 83 c4 40
0x00007ffa85367c0e:   41 5e c3 80 3d d0 bc 24 00 00 74 e6 48 8b 87 08
0x00007ffa85367c1e:   72 00 00 33 d2 8b 00 48 f7 35 b4 bc 24 00 48 8b
0x00007ffa85367c2e:   05 bd bc 24 00 48 6b ca 78 0f b6 54 01 54 90 90
0x00007ffa85367c3e:   84 d2 74 be e8 e9 2b 00 00 cc cc cc cc cc cc cc
0x00007ffa85367c4e:   cc cc 48 89 5c 24 10 48 89 6c 24 18 56 41 8b e8
0x00007ffa85367c5e:   4d 8b d9 48 8b f2 48 8b d9 45 85 c0 0f 84 ed 00
0x00007ffa85367c6e:   00 00 48 89 7c 24 10 8b fd 66 0f 1f 84 00 00 00
0x00007ffa85367c7e:   00 00 44 8b 46 20 41 ff c8 41 8b c0 48 83 c0 05
0x00007ffa85367c8e:   4c 8d 0c c6 48 8b 04 c6 0f bc 44 83 40 74 04 ff
0x00007ffa85367c9e:   c0 eb 02 33 c0 ff c8 45 85 c0 74 30 66 0f 1f 44
0x00007ffa85367cae:   00 00 49 8b 51 f8 4d 8d 49 f8 48 03 d0 41 ff c8
0x00007ffa85367cbe:   0f bc 4c 93 40 74 04 ff c1 eb 02 33 c9 48 c1 e0
0x00007ffa85367cce:   05 8d 51 ff 48 03 c2 45 85 c0 75 d6 48 8b c8 4c
0x00007ffa85367cde:   8b d0 49 c1 ea 05 83 e1 1f 42 8b 54 93 40 48 0f
0x00007ffa85367cee:   bb ca 42 89 54 93 40 85 d2 75 46 41 b9 01 00 00
0x00007ffa85367cfe:   00 44 39 4e 20 76 3a 66 66 66 0f 1f 84 00 00 00
0x00007ffa85367d0e:   00 00 4d 8b c2 41 8b c9 49 c1 ea 05 41 83 e0 1f
0x00007ffa85367d1e:   48 8b 54 ce 28 49 03 d2 8b 4c 93 40 4c 0f bb c1
0x00007ffa85367d2e:   89 4c 93 40 85 c9 75 09 41 ff c1 44 3b 4e 20 72
0x00007ffa85367d3e:   d1 48 0f af 06 48 03 43 08 49 89 03 49 83 c3 08
0x00007ffa85367d4e:   48 83 ef 01 0f 85 28 ff ff ff 48 8b 7c 24 10 48
0x00007ffa85367d5e:   8b c5 48 8b 6c 24 20 48 c1 e0 1a 48 29 03 48 8b
0x00007ffa85367d6e:   5c 24 18 5e c3 cc cc cc cc cc cc cc cc cc cc cc
0x00007ffa85367d7e:   cc cc 4c 8b 49 60 4c 8b c1 48 8b 51 68 49 03 d1
0x00007ffa85367d8e:   48 89 51 78 48 83 79 58 00 0f 8e 8e 00 00 00 49
0x00007ffa85367d9e:   8d 49 ff 48 8b c1 48 d1 e8 48 0b c8 48 8b c1 48
0x00007ffa85367dae:   c1 e8 02 48 0b c8 48 8b c1 48 c1 e8 04 48 0b c8 


Stack slot to memory mapping:
stack at sp + 0 slots: 0x0000000000000001 is an unknown value
stack at sp + 1 slots: 0x00007ffa853692b5 jemalloc.dll
stack at sp + 2 slots: 0x00000251589c0008 points into unknown readable memory: 0x0000003100000100 | 00 01 00 00 31 00 00 00
stack at sp + 3 slots: 0x0 is NULL
stack at sp + 4 slots: 0x0000000000000001 is an unknown value
stack at sp + 5 slots: 8192 is a compressed pointer to class: 0x0000000800002000
java.util.ImmutableCollections$ListItr {0x0000000800002008}
 - instance size:     4
 - klass size:        83
 - access:            final synchronized 
 - state:             fully_initialized
 - name:              'java/util/ImmutableCollections$ListItr'
 - super:             'java/lang/Object'
 - sub:               
 - arrays:            NULL
 - methods:           Array<T>(0x00000251505c2f90)
 - method ordering:   Array<T>(0x0000025150000018)
 - default_methods:   Array<T>(0x00000251505c38b8)
 - default vtable indices:   Array<T>(0x00000251505c38c8)
 - local interfaces:  Array<T>(0x00000251505c2810)
 - trans. interfaces: Array<T>(0x00000251505c38a0)
 - constants:         constant pool [86] {0x00000251505c24e0} for 'java/util/ImmutableCollections$ListItr' cache=0x00000251505c38f8
 - class loader data:  loader data: 0x0000025127a6ec10 of 'bootstrap'
 - source file:       'ImmutableCollections.java'
 - class annotations:       Array<T>(0x0000000000000000)
 - class type annotations:  Array<T>(0x0000000000000000)
 - field annotations:       Array<T>(0x00000251505c2f10)
 - field type annotations:  Array<T>(0x0000000000000000)
 - generic signature: '<E:Ljava/lang/Object;>Ljava/lang/Object;Ljava/util/ListIterator<TE;>;'
 - inner classes:     Array<T>(0x00000251505c3868)
 - nest members:     Array<T>(0x0000025150000028)
 - permitted subclasses:     Array<T>(0x0000025150000028)
 - java mirror:       a 'java/lang/Class'{0x00000006584aeb68} = 'java/util/ImmutableCollections$ListItr'
 - vtable length      6  (start addr: 0x00000008000021c8)
 - itable length      19 (start addr: 0x00000008000021f8)
 - ---- static fields (0 words):
 - ---- non-static fields (4 words):
 - private final synchronized 'size' 'I' @12 
 - private 'cursor' 'I' @16 
 - private final synchronized 'isListIterator' 'Z' @20 
 - private final synchronized 'list' 'Ljava/util/List;' @24 
 - non-static oop maps: 24-24 
stack at sp + 6 slots: 0x0000000737274090 is an oop: com.mojang.blaze3d.shaders.Program 
{0x0000000737274090} - klass: 'com/mojang/blaze3d/shaders/Program'
 - ---- fields (total size 3 words):
 - private 'f_85537_' 'I' @12  405 (195)
 - private final 'f_85535_' 'Lcom/mojang/blaze3d/shaders/Program$Type;' @16  a 'com/mojang/blaze3d/shaders/Program$Type'{0x00000006963b3698} (d2c766d3)
 - private final 'f_85536_' 'Ljava/lang/String;' @20  "rendertype_lines"{0x0000000737251438} (e6e4a287)
stack at sp + 7 slots: 0x0000200000000322 is an unknown value


Compiled method (n/a) 6126272 16477     n 0       org.lwjgl.system.JNI::invokePP (native)
 total in heap  [0x0000025135093390,0x0000025135093760] = 976
 relocation     [0x00000251350934e8,0x0000025135093518] = 48
 main code      [0x0000025135093520,0x0000025135093758] = 568
 oops           [0x0000025135093758,0x0000025135093760] = 8

[Constant Pool (empty)]

[MachCode]
[Entry Point]
  # {method} {0x000002515162e3d8} 'invokePP' '(JJ)J' in 'org/lwjgl/system/JNI'
  # parm0:    rdx:rdx   = long
  # parm1:    r8:r8     = long
  #           [sp+0x70]  (sp of caller)
  0x0000025135093520: 448b 5208 | 49bb 0000 | 0000 0800 | 0000 4d03 | d349 3bc2 | 0f84 0600 

  0x0000025135093538: ;   {runtime_call ic_miss_stub}
  0x0000025135093538: 0000 e941 | dbf7 fe90 
[Verified Entry Point]
  0x0000025135093540: 8984 2400 | 90ff ff55 | 488b ec48 | 83ec 604d | 8bc8 4c8b 

  0x0000025135093554: ;   {oop(a 'java/lang/Class'{0x0000000656967a70} = 'org/lwjgl/system/JNI')}
  0x0000025135093554: c249 be70 | 7a96 5606 | 0000 004c | 8974 2450 | 4c8d 7424 | 5049 8bd6 

  0x000002513509356c: ;   {internal_word}
  0x000002513509356c: c5f8 7749 | ba6c 3509 | 3551 0200 | 004d 8997 | a002 0000 | 4989 a798 

  0x0000025135093584: ;   {external_word}
  0x0000025135093584: 0200 0049 | baad 376e | 58fa 7f00 | 0041 803a | 000f 8452 | 0000 0052 | 4150 4151 

  0x00000251350935a0: ;   {metadata({method} {0x000002515162e3d8} 'invokePP' '(JJ)J' in 'org/lwjgl/system/JNI')}
  0x00000251350935a0: 48ba d0e3 | 6251 5102 | 0000 498b | cf48 83ec | 20f7 c40f | 0000 000f | 841a 0000 | 0048 83ec 
  0x00000251350935c0: ;   {runtime_call}
  0x00000251350935c0: 0849 ba90 | e923 58fa | 7f00 0041 | ffd2 4883 | c408 e90d 

  0x00000251350935d4: ;   {runtime_call}
  0x00000251350935d4: 0000 0049 | ba90 e923 | 58fa 7f00 | 0041 ffd2 | 4883 c420 | 4159 4158 | 5a49 8d8f | b802 0000 
  0x00000251350935f4: 41c7 8740 | 0300 0004 

  0x00000251350935fc: ;   {runtime_call}
  0x00000251350935fc: 0000 0049 | ba80 132f | 97fa 7f00 | 0041 ffd2 | c5f8 7741 | c787 4003 | 0000 0500 | 0000 f083 
  0x000002513509361c: 4424 c000 | 493b af48 | 0300 000f | 8711 0000 | 0041 81bf | 3003 0000 | 0000 0000 | 0f84 2c00 
  0x000002513509363c: 0000 c5f8 | 7748 8945 | f849 8bcf | 4c8b e448 | 83ec 2048 

  0x0000025135093650: ;   {runtime_call}
  0x0000025135093650: 83e4 f049 | ba90 f733 | 58fa 7f00 | 0041 ffd2 | 498b e44d | 33e4 488b | 45f8 41c7 | 8740 0300 
  0x0000025135093670: 0008 0000 | 0041 81bf | b003 0000 | 0200 0000 | 0f84 a300 

  0x0000025135093684: ;   {external_word}
  0x0000025135093684: 0000 49ba | ad37 6e58 | fa7f 0000 | 4180 3a00 | 0f84 5000 | 0000 4889 

  0x000002513509369c: ;   {metadata({method} {0x000002515162e3d8} 'invokePP' '(JJ)J' in 'org/lwjgl/system/JNI')}
  0x000002513509369c: 45f8 48ba | d0e3 6251 | 5102 0000 | 498b cf48 | 83ec 20f7 | c40f 0000 | 000f 841a | 0000 0048 
  0x00000251350936bc: ;   {runtime_call}
  0x00000251350936bc: 83ec 0849 | ba90 e923 | 58fa 7f00 | 0041 ffd2 | 4883 c408 | e90d 0000 

  0x00000251350936d4: ;   {runtime_call}
  0x00000251350936d4: 0049 ba90 | e923 58fa | 7f00 0041 | ffd2 4883 | c420 488b | 45f8 49c7 | 8798 0200 | 0000 0000 
  0x00000251350936f4: 0049 c787 | a002 0000 | 0000 0000 | c5f8 7749 | 8b8f d800 | 0000 c781 | 0001 0000 | 0000 0000 
  0x0000025135093714: c949 817f | 0800 0000 | 000f 8501 | 0000 00c3 

  0x0000025135093724: ;   {runtime_call StubRoutines (1)}
  0x0000025135093724: e9d7 d7f2 | fec5 f877 | 4889 45f8 | 4c8b e448 | 83ec 2048 

  0x0000025135093738: ;   {runtime_call}
  0x0000025135093738: 83e4 f049 | baa0 1a24 | 58fa 7f00 | 0041 ffd2 | 498b e44d | 33e4 488b | 45f8 e92f | ffff fff4 
[/MachCode]


Compiled method (c2) 6126283 45279       4       org.lwjgl.system.MemoryUtil::nmemAllocChecked (37 bytes)
 total in heap  [0x00000251367c3110,0x00000251367c3460] = 848
 relocation     [0x00000251367c3268,0x00000251367c3288] = 32
 main code      [0x00000251367c32a0,0x00000251367c3340] = 160
 stub code      [0x00000251367c3340,0x00000251367c3368] = 40
 oops           [0x00000251367c3368,0x00000251367c3370] = 8
 metadata       [0x00000251367c3370,0x00000251367c33a0] = 48
 scopes data    [0x00000251367c33a0,0x00000251367c33f0] = 80
 scopes pcs     [0x00000251367c33f0,0x00000251367c3440] = 80
 dependencies   [0x00000251367c3440,0x00000251367c3448] = 8
 handler table  [0x00000251367c3448,0x00000251367c3460] = 24

[Constant Pool (empty)]

[MachCode]
[Verified Entry Point]
  # {method} {0x000002515156cba0} 'nmemAllocChecked' '(J)J' in 'org/lwjgl/system/MemoryUtil'
  # parm0:    rdx:rdx   = long
  #           [sp+0x30]  (sp of caller)
  0x00000251367c32a0: 8984 2400 | 90ff ff55 | 4883 ec20 | 33ed 4885 | d274 2949 | b8f0 5336 | 85fa 7f00 

  0x00000251367c32bc: ;   {static_call}
  0x00000251367c32bc: 0066 90e8 

  0x00000251367c32c0: ; ImmutableOopMap {}
                      ;*invokestatic invokePP {reexecute=0 rethrow=0 return_oop=0}
                      ; - org.lwjgl.system.jemalloc.JEmalloc::nje_malloc@6 (line 132)
                      ; - org.lwjgl.system.jemalloc.JEmallocAllocator::malloc@1 (line 40)
                      ; - org.lwjgl.system.MemoryUtil::nmemAlloc@4 (line 228)
                      ; - org.lwjgl.system.MemoryUtil::nmemAllocChecked@11 (line 239)
  0x00000251367c32c0: 7c02 8dfe | 4885 c074 | 3348 83c4 

  0x00000251367c32cc: ;   {poll_return}
  0x00000251367c32cc: 205d 493b | a748 0300 | 000f 874e | 0000 00c3 | 483b d5bd | ffff ffff | 7c08 400f | 95c5 400f 
  0x00000251367c32ec: b6ed 4889 | 1424 ba45 

  0x00000251367c32f4: ;   {runtime_call UncommonTrapBlob}
  0x00000251367c32f4: ffff ffe8 

  0x00000251367c32f8: ; ImmutableOopMap {}
                      ;*ifeq {reexecute=1 rethrow=0 return_oop=0}
                      ; - (reexecute) org.lwjgl.system.MemoryUtil::nmemAllocChecked@3 (line 239)
  0x00000251367c32f8: 0436 85fd | 483b c5bd | ffff ffff | 7c08 400f | 95c5 400f | b6ed ba45 | ffff ff48 

  0x00000251367c3314: ;   {runtime_call UncommonTrapBlob}
  0x00000251367c3314: 8904 24e8 

  0x00000251367c3318: ; ImmutableOopMap {}
                      ;*ifne {reexecute=1 rethrow=0 return_oop=0}
                      ; - (reexecute) org.lwjgl.system.MemoryUtil::nmemAllocChecked@24 (line 240)
  0x00000251367c3318: e435 85fd | 488b d048 | 83c4 205d 

  0x00000251367c3324: ;   {runtime_call _rethrow_Java}
  0x00000251367c3324: e9d7 af8f 

  0x00000251367c3328: ;   {internal_word}
  0x00000251367c3328: fd49 bace | 327c 3651 | 0200 004d | 8997 6003 

  0x00000251367c3338: ;   {runtime_call SafepointBlob}
  0x00000251367c3338: 0000 e9c1 | 4685 fdf4 
[Stub Code]
  0x00000251367c3340: ;   {no_reloc}
  0x00000251367c3340: 48bb 0000 | 0000 0000 

  0x00000251367c3348: ;   {runtime_call}
  0x00000251367c3348: 0000 e9fb 

  0x00000251367c334c: ;   {runtime_call ExceptionBlob}
  0x00000251367c334c: ffff ffe9 | 2c0d 8ffd 
[Deopt Handler Code]
  0x00000251367c3354: e800 0000 | 0048 832c 

  0x00000251367c335c: ;   {runtime_call DeoptimizationBlob}
  0x00000251367c335c: 2405 e93d | 3985 fdf4 | f4f4 f4f4 
[/MachCode]


Compiled method (c1) 6126285 45530       3       com.mojang.blaze3d.shaders.Uniform::<init> (69 bytes)
 total in heap  [0x000002512cc04f10,0x000002512cc05d48] = 3640
 relocation     [0x000002512cc05068,0x000002512cc05158] = 240
 main code      [0x000002512cc05160,0x000002512cc05a40] = 2272
 stub code      [0x000002512cc05a40,0x000002512cc05ae8] = 168
 oops           [0x000002512cc05ae8,0x000002512cc05b08] = 32
 metadata       [0x000002512cc05b08,0x000002512cc05b40] = 56
 scopes data    [0x000002512cc05b40,0x000002512cc05c10] = 208
 scopes pcs     [0x000002512cc05c10,0x000002512cc05d30] = 288
 dependencies   [0x000002512cc05d30,0x000002512cc05d38] = 8
 nul chk table  [0x000002512cc05d38,0x000002512cc05d48] = 16

[Constant Pool (empty)]

[MachCode]
[Entry Point]
  # {method} {0x00000251afe59988} '<init>' '(Ljava/lang/String;IILcom/mojang/blaze3d/shaders/Shader;)V' in 'com/mojang/blaze3d/shaders/Uniform'
  # this:     rdx:rdx   = 'com/mojang/blaze3d/shaders/Uniform'
  # parm0:    r8:r8     = 'java/lang/String'
  # parm1:    r9        = int
  # parm2:    rdi       = int
  # parm3:    rsi:rsi   = 'com/mojang/blaze3d/shaders/Shader'
  #           [sp+0x70]  (sp of caller)
  0x000002512cc05160: 448b 5208 | 49bb 0000 | 0000 0800 | 0000 4d03 | d34c 3bd0 

  0x000002512cc05174: ;   {runtime_call ic_miss_stub}
  0x000002512cc05174: 0f85 06bf | 4007 660f | 1f44 0000 
[Verified Entry Point]
  0x000002512cc05180: 8984 2400 | 90ff ff55 | 4883 ec60 | 4889 5424 | 4889 7c24 

  0x000002512cc05194: ;   {metadata(method data for {method} {0x00000251afe59988} '<init>' '(Ljava/lang/String;IILcom/mojang/blaze3d/shaders/Shader;)V' in 'com/mojang/blaze3d/shaders/Uniform')}
  0x000002512cc05194: 4048 bb00 | a049 b151 | 0200 008b | 83cc 0000 | 0083 c002 | 8983 cc00 | 0000 81e0 | fe07 0000 
  0x000002512cc051b4: 83f8 000f | 8442 0600 | 0048 8bda 

  0x000002512cc051c0: ;   {metadata(method data for {method} {0x00000251afe59988} '<init>' '(Ljava/lang/String;IILcom/mojang/blaze3d/shaders/Shader;)V' in 'com/mojang/blaze3d/shaders/Uniform')}
  0x000002512cc051c0: 48b8 00a0 | 49b1 5102 | 0000 4883 | 8010 0100 

  0x000002512cc051d0: ;   {metadata(method data for {method} {0x00000251afe56d98} '<init>' '()V' in 'com/mojang/blaze3d/shaders/AbstractUniform')}
  0x000002512cc051d0: 0001 48bb | 48f0 49b1 | 5102 0000 | 8b83 cc00 | 0000 83c0 | 0289 83cc | 0000 0081 | e0fe ff1f 
  0x000002512cc051f0: 0083 f800 | 0f84 2606 | 0000 488b 

  0x000002512cc051fc: ;   {metadata(method data for {method} {0x00000251afe56d98} '<init>' '()V' in 'com/mojang/blaze3d/shaders/AbstractUniform')}
  0x000002512cc051fc: da48 b848 | f049 b151 | 0200 0048 | 8380 1001 

  0x000002512cc0520c: ;   {metadata(method data for {method} {0x0000025150000518} '<init>' '()V' in 'java/lang/Object')}
  0x000002512cc0520c: 0000 0148 | bb28 c41f | 5051 0200 | 008b 83cc | 0000 0083 | c002 8983 | cc00 0000 | 81e0 feff 
  0x000002512cc0522c: 1f00 83f8 | 000f 840a | 0600 0041 | 0fbe 5f38 | 83fb 000f | 851d 0600 | 004d 8bd0 | 49c1 ea03 
  0x000002512cc0524c: 4489 5224 | 488b da49 | 33d8 48c1 | eb19 4883 | fb00 0f85 | 1d06 0000 | 897a 1044 | 894a 1445 
  0x000002512cc0526c: 0fbe 4738 | 4183 f800 | 0f85 1f06 | 0000 4c8b | d649 c1ea | 0344 8952 | 284c 8bc2 | 4c33 c649 
  0x000002512cc0528c: c1e8 1949 | 83f8 000f | 8520 0600 | 0041 83f9 

  0x000002512cc0529c: ;   {metadata(method data for {method} {0x00000251afe59988} '<init>' '(Ljava/lang/String;IILcom/mojang/blaze3d/shaders/Shader;)V' in 'com/mojang/blaze3d/shaders/Uniform')}
  0x000002512cc0529c: 0349 b800 | a049 b151 | 0200 0048 | c7c6 2001 | 0000 0f8f | 0700 0000 | 48c7 c630 | 0100 0049 
  0x000002512cc052bc: 8b1c 3048 | 8d5b 0149 | 891c 300f | 8ffe 0100 

  0x000002512cc052cc: ;   {metadata(method data for {method} {0x00000251afe59988} '<init>' '(Ljava/lang/String;IILcom/mojang/blaze3d/shaders/Shader;)V' in 'com/mojang/blaze3d/shaders/Uniform')}
  0x000002512cc052cc: 0049 b800 | a049 b151 | 0200 0049 | 8380 4001 

  0x000002512cc052dc: ;   {metadata(method data for {method} {0x000002515156ceb0} 'memAllocInt' '(I)Ljava/nio/IntBuffer;' in 'org/lwjgl/system/MemoryUtil')}
  0x000002512cc052dc: 0000 0149 | b8e0 5049 | b151 0200 | 0041 8bb0 | cc00 0000 | 83c6 0241 | 89b0 cc00 | 0000 81e6 
  0x000002512cc052fc: feff 1f00 | 83fe 000f | 84c8 0500 

  0x000002512cc05308: ;   {metadata(method data for {method} {0x000002515156ceb0} 'memAllocInt' '(I)Ljava/nio/IntBuffer;' in 'org/lwjgl/system/MemoryUtil')}
  0x000002512cc05308: 0049 b8e0 | 5049 b151 | 0200 0049 | 8380 1001 | 0000 0148 | 8bd7 41b8 | 0200 0000 

  0x000002512cc05324: ;   {static_call}
  0x000002512cc05324: 6666 90e8 

  0x000002512cc05328: ; ImmutableOopMap {[72]=Oop }
                      ;*invokestatic getAllocationSize {reexecute=0 rethrow=0 return_oop=0}
                      ; - org.lwjgl.system.MemoryUtil::memAllocInt@5 (line 283)
                      ; - com.mojang.blaze3d.shaders.Uniform::<init>@32 (line 53)
  0x000002512cc05328: 1459 7801 

  0x000002512cc0532c: ;   {metadata(method data for {method} {0x000002515156ceb0} 'memAllocInt' '(I)Ljava/nio/IntBuffer;' in 'org/lwjgl/system/MemoryUtil')}
  0x000002512cc0532c: 48ba e050 | 49b1 5102 | 0000 4883 | 8220 0100 | 0001 488b | d066 0f1f 

  0x000002512cc05344: ;   {static_call}
  0x000002512cc05344: 4400 00e8 

  0x000002512cc05348: ; ImmutableOopMap {[72]=Oop }
                      ;*invokestatic nmemAllocChecked {reexecute=0 rethrow=0 return_oop=0}
                      ; - org.lwjgl.system.MemoryUtil::memAllocInt@8 (line 283)
                      ; - com.mojang.blaze3d.shaders.Uniform::<init>@32 (line 53)
  0x000002512cc05348: 54df bb09 

  0x000002512cc0534c: ;   {metadata(method data for {method} {0x000002515156ceb0} 'memAllocInt' '(I)Ljava/nio/IntBuffer;' in 'org/lwjgl/system/MemoryUtil')}
  0x000002512cc0534c: 48ba e050 | 49b1 5102 | 0000 4883 | 8230 0100 

  0x000002512cc0535c: ;   {oop(a 'java/lang/Class'{0x0000000659d46ae8} = 'java/nio/DirectIntBufferU')}
  0x000002512cc0535c: 0001 48ba | e86a d459 | 0600 0000 | 4c8b c044 | 8b4c 2440 | 0f1f 8000 

  0x000002512cc05374: ;   {static_call}
  0x000002512cc05374: 0000 00e8 

  0x000002512cc05378: ; ImmutableOopMap {[72]=Oop }
                      ;*invokestatic wrap {reexecute=0 rethrow=0 return_oop=0}
                      ; - org.lwjgl.system.MemoryUtil::memAllocInt@12 (line 283)
                      ; - com.mojang.blaze3d.shaders.Uniform::<init>@32 (line 53)
  0x000002512cc05378: 24b0 9a07 | 4883 f800 

  0x000002512cc05380: ;   {metadata(method data for {method} {0x000002515156ceb0} 'memAllocInt' '(I)Ljava/nio/IntBuffer;' in 'org/lwjgl/system/MemoryUtil')}
  0x000002512cc05380: 7516 48be | e050 49b1 | 5102 0000 | 808e 3901 | 0000 01e9 | d300 0000 

  0x000002512cc05398: ;   {metadata('java/nio/IntBuffer')}
  0x000002512cc05398: 48bf 68a5 | 0900 0800 | 0000 8b70 | 0849 ba00 | 0000 0008 | 0000 0049 | 03f2 483b | 7e40 0f85 
  0x000002512cc053b8: 9300 0000 

  0x000002512cc053bc: ;   {metadata(method data for {method} {0x000002515156ceb0} 'memAllocInt' '(I)Ljava/nio/IntBuffer;' in 'org/lwjgl/system/MemoryUtil')}
  0x000002512cc053bc: 48be e050 | 49b1 5102 | 0000 8b78 | 0849 ba00 | 0000 0008 | 0000 0049 | 03fa 483b | be50 0100 
  0x000002512cc053dc: 0075 0d48 | 8386 5801 | 0000 01e9 | 7f00 0000 | 483b be60 | 0100 0075 | 0d48 8386 | 6801 0000 
  0x000002512cc053fc: 01e9 6900 | 0000 4881 | be50 0100 | 0000 0000 | 0075 1748 | 89be 5001 | 0000 48c7 | 8658 0100 
  0x000002512cc0541c: 0001 0000 | 00e9 4500 | 0000 4881 | be60 0100 | 0000 0000 | 0075 1748 | 89be 6001 | 0000 48c7 
  0x000002512cc0543c: 8668 0100 | 0001 0000 | 00e9 2100 | 0000 e91c 

  0x000002512cc0544c: ;   {metadata(method data for {method} {0x000002515156ceb0} 'memAllocInt' '(I)Ljava/nio/IntBuffer;' in 'org/lwjgl/system/MemoryUtil')}
  0x000002512cc0544c: 0000 0048 | bee0 5049 | b151 0200 | 0048 83ae | 4001 0000 | 01e9 8c04 | 0000 e900 | 0000 0048 
  0x000002512cc0546c: 8bd0 450f | be47 3841 | 83f8 0048 | 8b74 2448 | 0f85 7904 | 0000 4c8b | d249 c1ea | 0344 8956 
  0x000002512cc0548c: 1c4c 8bc6 | 4c33 c249 | c1e8 1949 | 83f8 000f | 857a 0400 | 0041 0fbe | 5738 83fa | 000f 8584 
  0x000002512cc054ac: 0400 00c7 | 4620 0000 

  0x000002512cc054b4: ;   {metadata(method data for {method} {0x00000251afe59988} '<init>' '(Ljava/lang/String;IILcom/mojang/blaze3d/shaders/Shader;)V' in 'com/mojang/blaze3d/shaders/Uniform')}
  0x000002512cc054b4: 0000 48ba | 00a0 49b1 | 5102 0000 | ff82 5001 | 0000 e9ed | 0100 0048 | 8bf2 410f | be57 3883 
  0x000002512cc054d4: fa00 0f85 | 7604 0000 | c746 1c00 

  0x000002512cc054e0: ;   {metadata(method data for {method} {0x00000251afe59988} '<init>' '(Ljava/lang/String;IILcom/mojang/blaze3d/shaders/Shader;)V' in 'com/mojang/blaze3d/shaders/Uniform')}
  0x000002512cc054e0: 0000 0048 | ba00 a049 | b151 0200 | 0048 8382 | 6801 0000 

  0x000002512cc054f4: ;   {metadata(method data for {method} {0x000002515156cf60} 'memAllocFloat' '(I)Ljava/nio/FloatBuffer;' in 'org/lwjgl/system/MemoryUtil')}
  0x000002512cc054f4: 0148 ba28 | 4f49 b151 | 0200 0044 | 8b82 cc00 | 0000 4183 | c002 4489 | 82cc 0000 | 0041 81e0 
  0x000002512cc05514: feff 1f00 | 4183 f800 | 0f84 4f04 

  0x000002512cc05520: ;   {metadata(method data for {method} {0x000002515156cf60} 'memAllocFloat' '(I)Ljava/nio/FloatBuffer;' in 'org/lwjgl/system/MemoryUtil')}
  0x000002512cc05520: 0000 48ba | 284f 49b1 | 5102 0000 | 4883 8210 | 0100 0001 | 488b d741 | b802 0000 

  0x000002512cc0553c: ;   {static_call}
  0x000002512cc0553c: 0066 90e8 

  0x000002512cc05540: ; ImmutableOopMap {[72]=Oop }
                      ;*invokestatic getAllocationSize {reexecute=0 rethrow=0 return_oop=0}
                      ; - org.lwjgl.system.MemoryUtil::memAllocFloat@5 (line 292)
                      ; - com.mojang.blaze3d.shaders.Uniform::<init>@53 (line 57)
  0x000002512cc05540: fc56 7801 

  0x000002512cc05544: ;   {metadata(method data for {method} {0x000002515156cf60} 'memAllocFloat' '(I)Ljava/nio/FloatBuffer;' in 'org/lwjgl/system/MemoryUtil')}
  0x000002512cc05544: 48ba 284f | 49b1 5102 | 0000 4883 | 8220 0100 | 0001 488b | d066 0f1f 

  0x000002512cc0555c: ;   {static_call}
  0x000002512cc0555c: 4400 00e8 

  0x000002512cc05560: ; ImmutableOopMap {[72]=Oop }
                      ;*invokestatic nmemAllocChecked {reexecute=0 rethrow=0 return_oop=0}
                      ; - org.lwjgl.system.MemoryUtil::memAllocFloat@8 (line 292)
                      ; - com.mojang.blaze3d.shaders.Uniform::<init>@53 (line 57)
  0x000002512cc05560: 3cdd bb09 

  0x000002512cc05564: ;   {metadata(method data for {method} {0x000002515156cf60} 'memAllocFloat' '(I)Ljava/nio/FloatBuffer;' in 'org/lwjgl/system/MemoryUtil')}
  0x000002512cc05564: 48ba 284f | 49b1 5102 | 0000 4883 | 8230 0100 

  0x000002512cc05574: ;   {oop(a 'java/lang/Class'{0x0000000656968b60} = 'java/nio/DirectFloatBufferU')}
  0x000002512cc05574: 0001 48ba | 608b 9656 | 0600 0000 | 4c8b c044 | 8b4c 2440 | 0f1f 8000 

  0x000002512cc0558c: ;   {static_call}
  0x000002512cc0558c: 0000 00e8 

  0x000002512cc05590: ; ImmutableOopMap {[72]=Oop }
                      ;*invokestatic wrap {reexecute=0 rethrow=0 return_oop=0}
                      ; - org.lwjgl.system.MemoryUtil::memAllocFloat@12 (line 292)
                      ; - com.mojang.blaze3d.shaders.Uniform::<init>@53 (line 57)
  0x000002512cc05590: 0cae 9a07 | 4883 f800 

  0x000002512cc05598: ;   {metadata(method data for {method} {0x000002515156cf60} 'memAllocFloat' '(I)Ljava/nio/FloatBuffer;' in 'org/lwjgl/system/MemoryUtil')}
  0x000002512cc05598: 7516 48bf | 284f 49b1 | 5102 0000 | 808f 3901 | 0000 01e9 | d300 0000 

  0x000002512cc055b0: ;   {metadata('java/nio/FloatBuffer')}
  0x000002512cc055b0: 48bb 98ed | 2300 0800 | 0000 8b78 | 0849 ba00 | 0000 0008 | 0000 0049 | 03fa 483b | 5f40 0f85 
  0x000002512cc055d0: 9300 0000 

  0x000002512cc055d4: ;   {metadata(method data for {method} {0x000002515156cf60} 'memAllocFloat' '(I)Ljava/nio/FloatBuffer;' in 'org/lwjgl/system/MemoryUtil')}
  0x000002512cc055d4: 48bf 284f | 49b1 5102 | 0000 8b58 | 0849 ba00 | 0000 0008 | 0000 0049 | 03da 483b | 9f50 0100 
  0x000002512cc055f4: 0075 0d48 | 8387 5801 | 0000 01e9 | 7f00 0000 | 483b 9f60 | 0100 0075 | 0d48 8387 | 6801 0000 
  0x000002512cc05614: 01e9 6900 | 0000 4881 | bf50 0100 | 0000 0000 | 0075 1748 | 899f 5001 | 0000 48c7 | 8758 0100 
  0x000002512cc05634: 0001 0000 | 00e9 4500 | 0000 4881 | bf60 0100 | 0000 0000 | 0075 1748 | 899f 6001 | 0000 48c7 
  0x000002512cc05654: 8768 0100 | 0001 0000 | 00e9 2100 | 0000 e91c 

  0x000002512cc05664: ;   {metadata(method data for {method} {0x000002515156cf60} 'memAllocFloat' '(I)Ljava/nio/FloatBuffer;' in 'org/lwjgl/system/MemoryUtil')}
  0x000002512cc05664: 0000 0048 | bf28 4f49 | b151 0200 | 0048 83af | 4001 0000 | 01e9 1403 | 0000 e900 | 0000 0048 
  0x000002512cc05684: 8bd0 410f | be77 3883 | fe00 488b | 7424 480f | 8502 0300 | 004c 8bd2 | 49c1 ea03 | 4489 5620 
  0x000002512cc056a4: 488b fe48 | 33fa 48c1 | ef19 4883 | ff00 0f85 | 0203 0000 | c746 0cff | ffff ff48 

  0x000002512cc056c0: ;   {metadata(method data for {method} {0x00000251afe59988} '<init>' '(Ljava/lang/String;IILcom/mojang/blaze3d/shaders/Shader;)V' in 'com/mojang/blaze3d/shaders/Uniform')}
  0x000002512cc056c0: 8bd6 48bf | 00a0 49b1 | 5102 0000 | 4883 8778 | 0100 0001 

  0x000002512cc056d4: ;   {metadata(method data for {method} {0x00000251afe59de0} 'm_85642_' '()V' in 'com/mojang/blaze3d/shaders/Uniform')}
  0x000002512cc056d4: 48ba 28e7 | 9cb0 5102 | 0000 8bba | cc00 0000 | 83c7 0289 | bacc 0000 | 0081 e7fe | ff1f 0083 
  0x000002512cc056f4: ff00 0f84 | d602 0000 | c646 1801 | 8b56 2848 | c1e2 0348 

  0x000002512cc05708: ;   {metadata(method data for {method} {0x00000251afe59de0} 'm_85642_' '()V' in 'com/mojang/blaze3d/shaders/Uniform')}
  0x000002512cc05708: 83fa 0048 | be28 e79c | b051 0200 | 0048 c7c7 | 1001 0000 | 0f84 0700 | 0000 48c7 | c720 0100 
  0x000002512cc05728: 0048 8b1c | 3e48 8d5b | 0148 891c | 3e0f 84b1 | 0000 0048 | 3b02 488b 

  0x000002512cc05740: ;   {metadata(method data for {method} {0x00000251afe59de0} 'm_85642_' '()V' in 'com/mojang/blaze3d/shaders/Uniform')}
  0x000002512cc05740: f248 bf28 | e79c b051 | 0200 008b | 7608 49ba | 0000 0000 | 0800 0000 | 4903 f248 | 3bb7 4001 
  0x000002512cc05760: 0000 750d | 4883 8748 | 0100 0001 | e966 0000 | 0048 3bb7 | 5001 0000 | 750d 4883 | 8758 0100 
  0x000002512cc05780: 0001 e950 | 0000 0048 | 81bf 4001 | 0000 0000 | 0000 7517 | 4889 b740 | 0100 0048 | c787 4801 
  0x000002512cc057a0: 0000 0100 | 0000 e92c | 0000 0048 | 81bf 5001 | 0000 0000 | 0000 7517 | 4889 b750 | 0100 0048 
  0x000002512cc057c0: c787 5801 | 0000 0100 | 0000 e908 | 0000 0048 | 8387 3001 | 0000 0166 | 0f1f 4400 | 0048 b820 
  0x000002512cc057e0: 9b23 e351 

  0x000002512cc057e4: ;   {virtual_call}
  0x000002512cc057e4: 0200 00e8 

  0x000002512cc057e8: ; ImmutableOopMap {}
                      ;*invokeinterface m_108957_ {reexecute=0 rethrow=0 return_oop=0}
                      ; - com.mojang.blaze3d.shaders.Uniform::m_85642_@16 (line 92)
                      ; - com.mojang.blaze3d.shaders.Uniform::<init>@65 (line 60)
  0x000002512cc057e8: 44b3 4b07 | 4883 c460 

  0x000002512cc057f0: ;   {poll_return}
  0x000002512cc057f0: 5d49 3ba7 | 4803 0000 | 0f87 fa01 

  0x000002512cc057fc: ;   {metadata({method} {0x00000251afe59988} '<init>' '(Ljava/lang/String;IILcom/mojang/blaze3d/shaders/Shader;)V' in 'com/mojang/blaze3d/shaders/Uniform')}
  0x000002512cc057fc: 0000 c349 | ba80 99e5 | af51 0200 | 004c 8954 | 2408 48c7 | 0424 ffff 

  0x000002512cc05814: ;   {runtime_call counter_overflow Runtime1 stub}
  0x000002512cc05814: ffff e865 

  0x000002512cc05818: ; ImmutableOopMap {rdx=Oop [72]=Oop r8=Oop rsi=Oop }
                      ;*synchronization entry
                      ; - com.mojang.blaze3d.shaders.Uniform::<init>@-1 (line 47)
  0x000002512cc05818: 514b 07e9 | 9df9 ffff 

  0x000002512cc05820: ;   {metadata({method} {0x00000251afe56d98} '<init>' '()V' in 'com/mojang/blaze3d/shaders/AbstractUniform')}
  0x000002512cc05820: 49ba 906d | e5af 5102 | 0000 4c89 | 5424 0848 | c704 24ff 

  0x000002512cc05834: ;   {runtime_call counter_overflow Runtime1 stub}
  0x000002512cc05834: ffff ffe8 

  0x000002512cc05838: ; ImmutableOopMap {rdx=Oop [72]=Oop r8=Oop rsi=Oop }
                      ;*synchronization entry
                      ; - com.mojang.blaze3d.shaders.AbstractUniform::<init>@-1 (line 8)
                      ; - com.mojang.blaze3d.shaders.Uniform::<init>@1 (line 47)
  0x000002512cc05838: 4451 4b07 | e9b9 f9ff 

  0x000002512cc05840: ;   {metadata({method} {0x0000025150000518} '<init>' '()V' in 'java/lang/Object')}
  0x000002512cc05840: ff49 ba10 | 0500 5051 | 0200 004c | 8954 2408 | 48c7 0424 | ffff ffff 

  0x000002512cc05858: ;   {runtime_call counter_overflow Runtime1 stub}
  0x000002512cc05858: e823 514b 

  0x000002512cc0585c: ; ImmutableOopMap {rdx=Oop [72]=Oop r8=Oop rsi=Oop }
                      ;*synchronization entry
                      ; - java.lang.Object::<init>@-1 (line 44)
                      ; - com.mojang.blaze3d.shaders.AbstractUniform::<init>@1 (line 8)
                      ; - com.mojang.blaze3d.shaders.Uniform::<init>@1 (line 47)
  0x000002512cc0585c: 07e9 d5f9 | ffff 8b5a | 2448 c1e3 | 0348 83fb | 000f 84d2 | f9ff ff48 

  0x000002512cc05874: ;   {runtime_call g1_pre_barrier_slow}
  0x000002512cc05874: 891c 24e8 | 0457 4b07 | e9c4 f9ff | ff49 83f8 | 000f 84d9 | f9ff ff48 

  0x000002512cc0588c: ;   {runtime_call g1_post_barrier_slow}
  0x000002512cc0588c: 8914 24e8 | ec59 4b07 | e9cb f9ff | ff44 8b42 | 2849 c1e0 | 0349 83f8 | 000f 84cf | f9ff ff4c 
  0x000002512cc058ac: ;   {runtime_call g1_pre_barrier_slow}
  0x000002512cc058ac: 8904 24e8 | cc56 4b07 | e9c1 f9ff | ff48 83fe | 000f 84d6 | f9ff ff48 

  0x000002512cc058c4: ;   {runtime_call g1_post_barrier_slow}
  0x000002512cc058c4: 8914 24e8 | b459 4b07 | e9c8 f9ff 

  0x000002512cc058d0: ;   {metadata({method} {0x000002515156ceb0} 'memAllocInt' '(I)Ljava/nio/IntBuffer;' in 'org/lwjgl/system/MemoryUtil')}
  0x000002512cc058d0: ff49 baa8 | ce56 5151 | 0200 004c | 8954 2408 | 48c7 0424 | ffff ffff 

  0x000002512cc058e8: ;   {runtime_call counter_overflow Runtime1 stub}
  0x000002512cc058e8: e893 504b 

  0x000002512cc058ec: ; ImmutableOopMap {[72]=Oop }
                      ;*synchronization entry
                      ; - org.lwjgl.system.MemoryUtil::memAllocInt@-1 (line 283)
                      ; - com.mojang.blaze3d.shaders.Uniform::<init>@32 (line 53)
  0x000002512cc058ec: 07e9 17fa | ffff 4889 

  0x000002512cc058f4: ;   {runtime_call throw_class_cast_exception Runtime1 stub}
  0x000002512cc058f4: 0424 e8a5 

  0x000002512cc058f8: ; ImmutableOopMap {[72]=Oop }
                      ;*checkcast {reexecute=0 rethrow=0 return_oop=0}
                      ; - org.lwjgl.system.MemoryUtil::memAllocInt@15 (line 283)
                      ; - com.mojang.blaze3d.shaders.Uniform::<init>@32 (line 53)
  0x000002512cc058f8: 234b 0744 | 8b46 1c49 | c1e0 0349 | 83f8 000f | 8475 fbff | ff4c 8904 

  0x000002512cc05910: ;   {runtime_call g1_pre_barrier_slow}
  0x000002512cc05910: 24e8 6a56 | 4b07 e967 | fbff ff48 | 83fa 000f | 847c fbff | ff48 8934 

  0x000002512cc05928: ;   {runtime_call g1_post_barrier_slow}
  0x000002512cc05928: 24e8 5259 | 4b07 e96e | fbff ff8b | 5620 48c1 | e203 4883 | fa00 0f84 | 6bfb ffff | 4889 1424 
  0x000002512cc05948: ;   {runtime_call g1_pre_barrier_slow}
  0x000002512cc05948: e833 564b | 07e9 5dfb | ffff 8b56 | 1c48 c1e2 | 0348 83fa | 000f 8479 | fbff ff48 

  0x000002512cc05964: ;   {runtime_call g1_pre_barrier_slow}
  0x000002512cc05964: 8914 24e8 | 1456 4b07 | e96b fbff 

  0x000002512cc05970: ;   {metadata({method} {0x000002515156cf60} 'memAllocFloat' '(I)Ljava/nio/FloatBuffer;' in 'org/lwjgl/system/MemoryUtil')}
  0x000002512cc05970: ff49 ba58 | cf56 5151 | 0200 004c | 8954 2408 | 48c7 0424 | ffff ffff 

  0x000002512cc05988: ;   {runtime_call counter_overflow Runtime1 stub}
  0x000002512cc05988: e8f3 4f4b 

  0x000002512cc0598c: ; ImmutableOopMap {rsi=Oop [72]=Oop }
                      ;*synchronization entry
                      ; - org.lwjgl.system.MemoryUtil::memAllocFloat@-1 (line 292)
                      ; - com.mojang.blaze3d.shaders.Uniform::<init>@53 (line 57)
  0x000002512cc0598c: 07e9 90fb | ffff 4889 

  0x000002512cc05994: ;   {runtime_call throw_class_cast_exception Runtime1 stub}
  0x000002512cc05994: 0424 e805 

  0x000002512cc05998: ; ImmutableOopMap {[72]=Oop }
                      ;*checkcast {reexecute=0 rethrow=0 return_oop=0}
                      ; - org.lwjgl.system.MemoryUtil::memAllocFloat@15 (line 292)
                      ; - com.mojang.blaze3d.shaders.Uniform::<init>@53 (line 57)
  0x000002512cc05998: 234b 078b | 7e20 48c1 | e703 4883 | ff00 0f84 | edfc ffff | 4889 3c24 

  0x000002512cc059b0: ;   {runtime_call g1_pre_barrier_slow}
  0x000002512cc059b0: e8cb 554b | 07e9 dffc | ffff 4883 | fa00 0f84 | f4fc ffff | 4889 3424 

  0x000002512cc059c8: ;   {runtime_call g1_post_barrier_slow}
  0x000002512cc059c8: e8b3 584b | 07e9 e6fc 

  0x000002512cc059d0: ;   {metadata({method} {0x00000251afe59de0} 'm_85642_' '()V' in 'com/mojang/blaze3d/shaders/Uniform')}
  0x000002512cc059d0: ffff 49ba | d89d e5af | 5102 0000 | 4c89 5424 | 0848 c704 | 24ff ffff 

  0x000002512cc059e8: ;   {runtime_call counter_overflow Runtime1 stub}
  0x000002512cc059e8: ffe8 924f 

  0x000002512cc059ec: ; ImmutableOopMap {rsi=Oop [72]=Oop }
                      ;*synchronization entry
                      ; - com.mojang.blaze3d.shaders.Uniform::m_85642_@-1 (line 90)
                      ; - com.mojang.blaze3d.shaders.Uniform::<init>@65 (line 60)
  0x000002512cc059ec: 4b07 e909 

  0x000002512cc059f0: ;   {runtime_call throw_null_pointer_exception Runtime1 stub}
  0x000002512cc059f0: fdff ffe8 

  0x000002512cc059f4: ; ImmutableOopMap {rdx=Oop }
                      ;*invokeinterface m_108957_ {reexecute=0 rethrow=0 return_oop=0}
                      ; - com.mojang.blaze3d.shaders.Uniform::m_85642_@16 (line 92)
                      ; - com.mojang.blaze3d.shaders.Uniform::<init>@65 (line 60)
  0x000002512cc059f4: a8f2 4a07 

  0x000002512cc059f8: ;   {internal_word}
  0x000002512cc059f8: 49ba f157 | c02c 5102 | 0000 4d89 | 9760 0300 

  0x000002512cc05a08: ;   {runtime_call SafepointBlob}
  0x000002512cc05a08: 00e9 f21f | 4107 9090 | 498b 87d8 | 0300 0049 | c787 d803 | 0000 0000 | 0000 49c7 | 87e0 0300 
  0x000002512cc05a28: 0000 0000 | 0048 83c4 

  0x000002512cc05a30: ;   {runtime_call unwind_exception Runtime1 stub}
  0x000002512cc05a30: 605d e9c9 | 1242 07f4 | f4f4 f4f4 | f4f4 f4f4 
[Stub Code]
  0x000002512cc05a40: ;   {no_reloc}
  0x000002512cc05a40: 0f1f 4400 

  0x000002512cc05a44: ;   {static_stub}
  0x000002512cc05a44: 0048 bb00 | 0000 0000 

  0x000002512cc05a4c: ;   {runtime_call}
  0x000002512cc05a4c: 0000 00e9 | fbff ffff 

  0x000002512cc05a54: ;   {static_stub}
  0x000002512cc05a54: 9048 bb00 | 0000 0000 

  0x000002512cc05a5c: ;   {runtime_call}
  0x000002512cc05a5c: 0000 00e9 | fbff ffff 

  0x000002512cc05a64: ;   {static_stub}
  0x000002512cc05a64: 9048 bb00 | 0000 0000 

  0x000002512cc05a6c: ;   {runtime_call}
  0x000002512cc05a6c: 0000 00e9 | fbff ffff 

  0x000002512cc05a74: ;   {static_stub}
  0x000002512cc05a74: 9048 bb00 | 0000 0000 

  0x000002512cc05a7c: ;   {runtime_call}
  0x000002512cc05a7c: 0000 00e9 | fbff ffff 

  0x000002512cc05a84: ;   {static_stub}
  0x000002512cc05a84: 9048 bb00 | 0000 0000 

  0x000002512cc05a8c: ;   {runtime_call}
  0x000002512cc05a8c: 0000 00e9 | fbff ffff 

  0x000002512cc05a94: ;   {static_stub}
  0x000002512cc05a94: 9048 bb00 | 0000 0000 

  0x000002512cc05a9c: ;   {runtime_call}
  0x000002512cc05a9c: 0000 00e9 | fbff ffff 

  0x000002512cc05aa4: ;   {static_stub}
  0x000002512cc05aa4: 9048 bb00 | 0000 0000 

  0x000002512cc05aac: ;   {runtime_call}
  0x000002512cc05aac: 0000 00e9 | fbff ffff 
[Exception Handler]
  0x000002512cc05ab4: ;   {runtime_call handle_exception_from_callee Runtime1 stub}
  0x000002512cc05ab4: e8c7 1b4b 

  0x000002512cc05ab8: ;   {external_word}
  0x000002512cc05ab8: 0748 b920 | 4a48 58fa | 7f00 0048 

  0x000002512cc05ac4: ;   {runtime_call}
  0x000002512cc05ac4: 83e4 f049 | baf0 cf10 | 58fa 7f00 | 0041 ffd2 

  0x000002512cc05ad4: ;   {section_word}
  0x000002512cc05ad4: f449 bad5 | 5ac0 2c51 | 0200 0041 

  0x000002512cc05ae0: ;   {runtime_call DeoptimizationBlob}
  0x000002512cc05ae0: 52e9 ba11 | 4107 f4f4 
[/MachCode]


---------------  P R O C E S S  ---------------

Threads class SMR info:
_java_thread_list=0x00000251c2d244e0, length=60, elements={
0x00000251279d3b10, 0x000002514f0e3020, 0x000002514f0e6cc0, 0x000002514e835c80,
0x000002514e836160, 0x000002514e836640, 0x000002514e837860, 0x000002514f119af0,
0x000002514f11a010, 0x000002514f11a530, 0x000002514f225430, 0x000002514f427800,
0x00000251567a58a0, 0x0000025155ec78f0, 0x0000025155ec9c60, 0x00000251567ad220,
0x000002515751df30, 0x00000251a410fc60, 0x00000251a410de00, 0x00000251a410f240,
0x00000251a4111ac0, 0x00000251a4114340, 0x0000025155ec5070, 0x000002515751c5e0,
0x00000251a2bd89d0, 0x00000251a2bda320, 0x00000251a2bdd0b0, 0x00000251c2625190,
0x00000251c2628430, 0x00000251c2626ff0, 0x00000251c2627a10, 0x00000251a2bd7fb0,
0x00000251a2bd8ee0, 0x00000251a410f750, 0x0000025155a94d40, 0x0000025155a94320,
0x0000025155a95760, 0x0000025155a96180, 0x0000025155a95c70, 0x0000025155a96690,
0x00000251adf259b0, 0x00000251a41115b0, 0x00000251adf23640, 0x00000251adf254a0,
0x00000251adf23b50, 0x00000251adf27d20, 0x00000251adf25ec0, 0x00000251adf24060,
0x00000251adf24570, 0x00000251adf29160, 0x00000251adf28740, 0x00000251adf24f90,
0x00000251adf28c50, 0x00000251adf2a5a0, 0x00000251adf29670, 0x00000251c2624c80,
0x00000251c26260c0, 0x00000251c2625bb0, 0x0000025156c61ac0, 0x000002515941b620
}

Java Threads: ( => current thread )
=>0x00000251279d3b10 JavaThread "Render thread" [_thread_in_native, id=4488, stack(0x000000fab2500000,0x000000fab2600000)]
  0x000002514f0e3020 JavaThread "Reference Handler" daemon [_thread_blocked, id=19316, stack(0x000000fab2c00000,0x000000fab2d00000)]
  0x000002514f0e6cc0 JavaThread "Finalizer" daemon [_thread_blocked, id=15544, stack(0x000000fab2d00000,0x000000fab2e00000)]
  0x000002514e835c80 JavaThread "Signal Dispatcher" daemon [_thread_blocked, id=8316, stack(0x000000fab2e00000,0x000000fab2f00000)]
  0x000002514e836160 JavaThread "Attach Listener" daemon [_thread_blocked, id=2684, stack(0x000000fab2f00000,0x000000fab3000000)]
  0x000002514e836640 JavaThread "Service Thread" daemon [_thread_blocked, id=4948, stack(0x000000fab3000000,0x000000fab3100000)]
  0x000002514e837860 JavaThread "Monitor Deflation Thread" daemon [_thread_blocked, id=9796, stack(0x000000fab3100000,0x000000fab3200000)]
  0x000002514f119af0 JavaThread "C2 CompilerThread0" daemon [_thread_blocked, id=20220, stack(0x000000fab3200000,0x000000fab3300000)]
  0x000002514f11a010 JavaThread "C1 CompilerThread0" daemon [_thread_blocked, id=19364, stack(0x000000fab3300000,0x000000fab3400000)]
  0x000002514f11a530 JavaThread "Sweeper thread" daemon [_thread_blocked, id=23412, stack(0x000000fab3400000,0x000000fab3500000)]
  0x000002514f225430 JavaThread "Common-Cleaner" daemon [_thread_blocked, id=2388, stack(0x000000fab3500000,0x000000fab3600000)]
  0x000002514f427800 JavaThread "Notification Thread" daemon [_thread_blocked, id=2948, stack(0x000000fab3700000,0x000000fab3800000)]
  0x00000251567a58a0 JavaThread "JNA Cleaner" daemon [_thread_blocked, id=20300, stack(0x000000fab4f00000,0x000000fab5000000)]
  0x0000025155ec78f0 JavaThread "Timer hack thread" daemon [_thread_blocked, id=7228, stack(0x000000fab5200000,0x000000fab5300000)]
  0x0000025155ec9c60 JavaThread "Yggdrasil Key Fetcher" daemon [_thread_blocked, id=5704, stack(0x000000fab5300000,0x000000fab5400000)]
  0x00000251567ad220 JavaThread "KubeJS Background Thread" daemon [_thread_blocked, id=14468, stack(0x000000fab6100000,0x000000fab6200000)]
  0x000002515751df30 JavaThread "FileSystemWatchService" daemon [_thread_in_native, id=21108, stack(0x000000fab6200000,0x000000fab6300000)]
  0x00000251a410fc60 JavaThread "JEI Config File Watcher" daemon [_thread_blocked, id=20056, stack(0x000000fab6300000,0x000000fab6400000)]
  0x00000251a410de00 JavaThread "pool-7-thread-1" [_thread_blocked, id=16332, stack(0x000000fab6400000,0x000000fab6500000)]
  0x00000251a410f240 JavaThread "pool-9-thread-1" [_thread_blocked, id=15644, stack(0x000000fab6500000,0x000000fab6600000)]
  0x00000251a4111ac0 JavaThread "Thread-5" daemon [_thread_in_native, id=2228, stack(0x000000fab4a00000,0x000000fab4b00000)]
  0x00000251a4114340 JavaThread "Thread-6" daemon [_thread_blocked, id=7436, stack(0x000000fab7600000,0x000000fab7700000)]
  0x0000025155ec5070 JavaThread "FileSystemWatchService" daemon [_thread_in_native, id=10784, stack(0x000000fab7700000,0x000000fab7800000)]
  0x000002515751c5e0 JavaThread "FileSystemWatchService" daemon [_thread_in_native, id=18068, stack(0x000000fab7800000,0x000000fab7900000)]
  0x00000251a2bd89d0 JavaThread "Java2D Disposer" daemon [_thread_in_native, id=2932, stack(0x000000fab7900000,0x000000fab7a00000)]
  0x00000251a2bda320 JavaThread "WorldEdit Session Manager" [_thread_blocked, id=15504, stack(0x000000fab7e00000,0x000000fab7f00000)]
  0x00000251a2bdd0b0 JavaThread "pool-8-thread-1" [_thread_blocked, id=7644, stack(0x000000fab4800000,0x000000fab4900000)]
  0x00000251c2625190 JavaThread "Server thread" [_thread_blocked, id=5204, stack(0x000000fab8c00000,0x000000fab8d00000)]
  0x00000251c2628430 JavaThread "FileSystemWatchService" daemon [_thread_in_native, id=6360, stack(0x000000fab8d00000,0x000000fab8e00000)]
  0x00000251c2626ff0 JavaThread "FileSystemWatchService" daemon [_thread_in_native, id=22508, stack(0x000000fab8e00000,0x000000fab8f00000)]
  0x00000251c2627a10 JavaThread "Netty Server IO #0" daemon [_thread_in_native, id=21788, stack(0x000000fab3900000,0x000000fab3a00000)]
  0x00000251a2bd7fb0 JavaThread "Netty Local Client IO #0" daemon [_thread_blocked, id=23220, stack(0x000000fab6700000,0x000000fab6800000)]
  0x00000251a2bd8ee0 JavaThread "Netty Server IO #1" daemon [_thread_in_native, id=1752, stack(0x000000fab9200000,0x000000fab9300000)]
  0x00000251a410f750 JavaThread "AN stolen Minecolonies Pathfinding Worker #0" daemon [_thread_blocked, id=6344, stack(0x000000fab9300000,0x000000fab9400000)]
  0x0000025155a94d40 JavaThread "Flywheel 0" [_thread_blocked, id=1248, stack(0x000000fab3600000,0x000000fab3700000)]
  0x0000025155a94320 JavaThread "Flywheel 1" [_thread_blocked, id=8920, stack(0x000000fab9600000,0x000000fab9700000)]
  0x0000025155a95760 JavaThread "Flywheel 2" [_thread_blocked, id=7328, stack(0x000000fab9700000,0x000000fab9800000)]
  0x0000025155a96180 JavaThread "Flywheel 3" [_thread_blocked, id=13888, stack(0x000000fab9800000,0x000000fab9900000)]
  0x0000025155a95c70 JavaThread "Flywheel 4" [_thread_blocked, id=17320, stack(0x000000fab9900000,0x000000fab9a00000)]
  0x0000025155a96690 JavaThread "Flywheel 5" [_thread_blocked, id=2164, stack(0x000000fab9a00000,0x000000fab9b00000)]
  0x00000251adf259b0 JavaThread "pool-16-thread-1" daemon [_thread_blocked, id=10520, stack(0x000000fab9c00000,0x000000fab9d00000)]
  0x00000251a41115b0 JavaThread "Worker-Main-75" daemon [_thread_blocked, id=13508, stack(0x000000fab2200000,0x000000fab2300000)]
  0x00000251adf23640 JavaThread "Worker-Main-84" daemon [_thread_blocked, id=3080, stack(0x000000fab4e00000,0x000000fab4f00000)]
  0x00000251adf254a0 JavaThread "IO-Worker-87" [_thread_blocked, id=26008, stack(0x000000fab4600000,0x000000fab4700000)]
  0x00000251adf23b50 JavaThread "Worker-Main-88" daemon [_thread_blocked, id=24168, stack(0x000000fab4900000,0x000000fab4a00000)]
  0x00000251adf27d20 JavaThread "Worker-Main-89" daemon [_thread_blocked, id=10112, stack(0x000000fab5000000,0x000000fab5100000)]
  0x00000251adf25ec0 JavaThread "Worker-Main-90" daemon [_thread_blocked, id=25804, stack(0x000000fab5400000,0x000000fab5500000)]
  0x00000251adf24060 JavaThread "Worker-Main-91" daemon [_thread_blocked, id=9648, stack(0x000000fab2400000,0x000000fab2500000)]
  0x00000251adf24570 JavaThread "Worker-Main-93" daemon [_thread_blocked, id=25760, stack(0x000000fab4500000,0x000000fab4600000)]
  0x00000251adf29160 JavaThread "IO-Worker-94" [_thread_blocked, id=26412, stack(0x000000fab5700000,0x000000fab5800000)]
  0x00000251adf28740 JavaThread "pool-11-thread-4" [_thread_blocked, id=6276, stack(0x000000fab5600000,0x000000fab5700000)]
  0x00000251adf24f90 JavaThread "Worker-Main-95" daemon [_thread_blocked, id=26020, stack(0x000000fab5800000,0x000000fab5900000)]
  0x00000251adf28c50 JavaThread "modloading-worker-0" daemon [_thread_blocked, id=26176, stack(0x000000fab5900000,0x000000fab5a00000)]
  0x00000251adf2a5a0 JavaThread "Worker-Main-96" daemon [_thread_blocked, id=24528, stack(0x000000fab5a00000,0x000000fab5b00000)]
  0x00000251adf29670 JavaThread "Worker-Main-97" daemon [_thread_blocked, id=23548, stack(0x000000fab5b00000,0x000000fab5c00000)]
  0x00000251c2624c80 JavaThread "Worker-Main-98" daemon [_thread_blocked, id=16076, stack(0x000000fab5c00000,0x000000fab5d00000)]
  0x00000251c26260c0 JavaThread "IO-Worker-99" [_thread_blocked, id=22928, stack(0x000000fab6900000,0x000000fab6a00000)]
  0x00000251c2625bb0 JavaThread "Sound engine" daemon [_thread_blocked, id=18584, stack(0x000000fab5d00000,0x000000fab5e00000)]
  0x0000025156c61ac0 JavaThread "C2 CompilerThread1" daemon [_thread_blocked, id=25592, stack(0x000000fab6800000,0x000000fab6900000)]
  0x000002515941b620 JavaThread "C2 CompilerThread2" daemon [_thread_blocked, id=2896, stack(0x000000fab6a00000,0x000000fab6b00000)]

Other Threads:
  0x000002514e81e1f0 VMThread "VM Thread" [stack: 0x000000fab2b00000,0x000000fab2c00000] [id=19400]
  0x000002514f33f570 WatcherThread [stack: 0x000000fab3800000,0x000000fab3900000] [id=2200]
  0x0000025127a37d60 GCTaskThread "GC Thread#0" [stack: 0x000000fab2600000,0x000000fab2700000] [id=10084]
  0x000002514fb01550 GCTaskThread "GC Thread#1" [stack: 0x000000fab3a00000,0x000000fab3b00000] [id=19376]
  0x000002514f790630 GCTaskThread "GC Thread#2" [stack: 0x000000fab3b00000,0x000000fab3c00000] [id=15888]
  0x000002514f7908f0 GCTaskThread "GC Thread#3" [stack: 0x000000fab3c00000,0x000000fab3d00000] [id=16316]
  0x000002514f790bb0 GCTaskThread "GC Thread#4" [stack: 0x000000fab3d00000,0x000000fab3e00000] [id=13564]
  0x000002514fcac450 GCTaskThread "GC Thread#5" [stack: 0x000000fab3e00000,0x000000fab3f00000] [id=22552]
  0x000002515456d210 GCTaskThread "GC Thread#6" [stack: 0x000000fab3f00000,0x000000fab4000000] [id=4328]
  0x00000251554eb040 GCTaskThread "GC Thread#7" [stack: 0x000000fab4000000,0x000000fab4100000] [id=6148]
  0x000002515514ccc0 GCTaskThread "GC Thread#8" [stack: 0x000000fab4100000,0x000000fab4200000] [id=8104]
  0x000002515514cf80 GCTaskThread "GC Thread#9" [stack: 0x000000fab4200000,0x000000fab4300000] [id=18692]
  0x0000025127a3eb80 ConcurrentGCThread "G1 Main Marker" [stack: 0x000000fab2700000,0x000000fab2800000] [id=8856]
  0x0000025127a3fb50 ConcurrentGCThread "G1 Conc#0" [stack: 0x000000fab2800000,0x000000fab2900000] [id=14292]
  0x000002515514ca00 ConcurrentGCThread "G1 Conc#1" [stack: 0x000000fab4300000,0x000000fab4400000] [id=2668]
  0x000002515514c480 ConcurrentGCThread "G1 Conc#2" [stack: 0x000000fab4400000,0x000000fab4500000] [id=23536]
  0x0000025127a67050 ConcurrentGCThread "G1 Refine#0" [stack: 0x000000fab2900000,0x000000fab2a00000] [id=8432]
  0x00000251a2f7d060 ConcurrentGCThread "G1 Refine#1" [stack: 0x000000fab5100000,0x000000fab5200000] [id=6112]
  0x0000025154686570 ConcurrentGCThread "G1 Refine#2" [stack: 0x000000fab6600000,0x000000fab6700000] [id=5136]
  0x0000025154687cf0 ConcurrentGCThread "G1 Refine#3" [stack: 0x000000fab5500000,0x000000fab5600000] [id=7816]
  0x0000025154687fe0 ConcurrentGCThread "G1 Refine#4" [stack: 0x000000fab6c00000,0x000000fab6d00000] [id=956]
  0x0000025154684df0 ConcurrentGCThread "G1 Refine#5" [stack: 0x000000fab7a00000,0x000000fab7b00000] [id=8908]
  0x0000025154686b50 ConcurrentGCThread "G1 Refine#6" [stack: 0x000000fab7b00000,0x000000fab7c00000] [id=10272]
  0x00000251546859b0 ConcurrentGCThread "G1 Refine#7" [stack: 0x000000fab7c00000,0x000000fab7d00000] [id=2284]
  0x0000025154686860 ConcurrentGCThread "G1 Refine#8" [stack: 0x000000fab7d00000,0x000000fab7e00000] [id=20440]
  0x0000025154687710 ConcurrentGCThread "G1 Refine#9" [stack: 0x000000fab7f00000,0x000000fab8000000] [id=11820]
  0x0000025127a68350 ConcurrentGCThread "G1 Service" [stack: 0x000000fab2a00000,0x000000fab2b00000] [id=10308]

Threads with active compile tasks:

VM state: not at safepoint (normal execution)

VM Mutex/Monitor currently owned by a thread: None

Heap address: 0x0000000656000000, size: 6816 MB, Compressed Oops mode: Zero based, Oop shift amount: 3

CDS archive(s) not mapped
Compressed class space mapped at: 0x0000000800000000-0x0000000840000000, reserved size: 1073741824
Narrow klass base: 0x0000000800000000, Narrow klass shift: 0, Narrow klass range: 0x40000000

GC Precious Log:
 CPUs: 12 total, 12 available
 Memory: 16252M
 Large Page Support: Disabled
 NUMA Support: Disabled
 Compressed Oops: Enabled (Zero based)
 Heap Region Size: 32M
 Heap Min Capacity: 32M
 Heap Initial Capacity: 256M
 Heap Max Capacity: 6816M
 Pre-touch: Disabled
 Parallel Workers: 10
 Concurrent Workers: 3
 Concurrent Refinement Workers: 10
 Periodic GC: Disabled

Heap:
 garbage-first heap   total 4423680K, used 2261535K [0x0000000656000000, 0x0000000800000000)
  region size 32768K, 25 young (819200K), 2 survivors (65536K)
 Metaspace       used 250903K, committed 253952K, reserved 1310720K
  class space    used 39731K, committed 40960K, reserved 1048576K

Heap Regions: E=young(eden), S=young(survivor), O=old, HS=humongous(starts), HC=humongous(continues), CS=collection set, F=free, OA=open archive, CA=closed archive, TAMS=top-at-mark-start (previous, next)
|   0|0x0000000656000000, 0x0000000658000000, 0x0000000658000000|100%| O|  |TAMS 0x0000000658000000, 0x0000000656000000| Untracked 
|   1|0x0000000658000000, 0x000000065a000000, 0x000000065a000000|100%| O|  |TAMS 0x000000065a000000, 0x0000000658000000| Untracked 
|   2|0x000000065a000000, 0x000000065c000000, 0x000000065c000000|100%| O|  |TAMS 0x000000065c000000, 0x000000065a000000| Untracked 
|   3|0x000000065c000000, 0x000000065dfffff8, 0x000000065e000000| 99%| O|  |TAMS 0x000000065dfffff8, 0x000000065c000000| Untracked 
|   4|0x000000065e000000, 0x0000000660000000, 0x0000000660000000|100%| O|  |TAMS 0x0000000660000000, 0x000000065e000000| Untracked 
|   5|0x0000000660000000, 0x0000000662000000, 0x0000000662000000|100%| O|  |TAMS 0x0000000662000000, 0x0000000660000000| Untracked 
|   6|0x0000000662000000, 0x0000000664000000, 0x0000000664000000|100%| O|  |TAMS 0x0000000664000000, 0x0000000662000000| Untracked 
|   7|0x0000000664000000, 0x0000000666000000, 0x0000000666000000|100%| O|  |TAMS 0x0000000666000000, 0x0000000664000000| Untracked 
|   8|0x0000000666000000, 0x0000000668000000, 0x0000000668000000|100%| O|  |TAMS 0x0000000668000000, 0x0000000666000000| Untracked 
|   9|0x0000000668000000, 0x000000066a000000, 0x000000066a000000|100%| O|  |TAMS 0x000000066a000000, 0x0000000668000000| Untracked 
|  10|0x000000066a000000, 0x000000066c000000, 0x000000066c000000|100%| O|  |TAMS 0x000000066c000000, 0x000000066a000000| Untracked 
|  11|0x000000066c000000, 0x000000066e000000, 0x000000066e000000|100%| O|  |TAMS 0x000000066e000000, 0x000000066c000000| Untracked 
|  12|0x000000066e000000, 0x0000000670000000, 0x0000000670000000|100%| O|  |TAMS 0x0000000670000000, 0x000000066e000000| Untracked 
|  13|0x0000000670000000, 0x0000000672000000, 0x0000000672000000|100%| O|  |TAMS 0x0000000672000000, 0x0000000670000000| Untracked 
|  14|0x0000000672000000, 0x0000000674000000, 0x0000000674000000|100%| O|  |TAMS 0x000000067245c800, 0x0000000672000000| Untracked 
|  15|0x0000000674000000, 0x0000000676000000, 0x0000000676000000|100%| O|  |TAMS 0x0000000676000000, 0x0000000674000000| Untracked 
|  16|0x0000000676000000, 0x0000000676000000, 0x0000000678000000|  0%| F|  |TAMS 0x0000000676000000, 0x0000000676000000| Untracked 
|  17|0x0000000678000000, 0x000000067a000000, 0x000000067a000000|100%| O|  |TAMS 0x000000067a000000, 0x0000000678000000| Untracked 
|  18|0x000000067a000000, 0x000000067c000000, 0x000000067c000000|100%| O|  |TAMS 0x000000067c000000, 0x000000067a000000| Untracked 
|  19|0x000000067c000000, 0x000000067e000000, 0x000000067e000000|100%| O|  |TAMS 0x000000067e000000, 0x000000067c000000| Untracked 
|  20|0x000000067e000000, 0x0000000680000000, 0x0000000680000000|100%| O|  |TAMS 0x0000000680000000, 0x000000067e000000| Untracked 
|  21|0x0000000680000000, 0x0000000682000000, 0x0000000682000000|100%| O|  |TAMS 0x0000000682000000, 0x0000000680000000| Untracked 
|  22|0x0000000682000000, 0x0000000684000000, 0x0000000684000000|100%| O|  |TAMS 0x0000000684000000, 0x0000000682000000| Untracked 
|  23|0x0000000684000000, 0x0000000686000000, 0x0000000686000000|100%| O|  |TAMS 0x0000000686000000, 0x0000000684000000| Untracked 
|  24|0x0000000686000000, 0x0000000688000000, 0x0000000688000000|100%| O|  |TAMS 0x0000000688000000, 0x0000000686000000| Untracked 
|  25|0x0000000688000000, 0x000000068a000000, 0x000000068a000000|100%| O|  |TAMS 0x000000068a000000, 0x0000000688000000| Untracked 
|  26|0x000000068a000000, 0x000000068c000000, 0x000000068c000000|100%| O|  |TAMS 0x000000068c000000, 0x000000068a000000| Untracked 
|  27|0x000000068c000000, 0x000000068e000000, 0x000000068e000000|100%| O|  |TAMS 0x000000068e000000, 0x000000068c000000| Untracked 
|  28|0x000000068e000000, 0x0000000690000000, 0x0000000690000000|100%| O|  |TAMS 0x0000000690000000, 0x000000068e000000| Untracked 
|  29|0x0000000690000000, 0x0000000692000000, 0x0000000692000000|100%| O|  |TAMS 0x0000000692000000, 0x0000000690000000| Untracked 
|  30|0x0000000692000000, 0x0000000694000000, 0x0000000694000000|100%| O|  |TAMS 0x0000000694000000, 0x0000000692000000| Untracked 
|  31|0x0000000694000000, 0x0000000696000000, 0x0000000696000000|100%| O|  |TAMS 0x0000000694000000, 0x0000000694000000| Untracked 
|  32|0x0000000696000000, 0x0000000698000000, 0x0000000698000000|100%| O|  |TAMS 0x0000000698000000, 0x0000000696000000| Untracked 
|  33|0x0000000698000000, 0x000000069a000000, 0x000000069a000000|100%| O|  |TAMS 0x0000000698000000, 0x0000000698000000| Untracked 
|  34|0x000000069a000000, 0x000000069b33b400, 0x000000069c000000| 60%| O|  |TAMS 0x000000069a000000, 0x000000069a000000| Untracked 
|  35|0x000000069c000000, 0x000000069e000000, 0x000000069e000000|100%| O|  |TAMS 0x000000069e000000, 0x000000069c000000| Untracked 
|  36|0x000000069e000000, 0x000000069e000000, 0x00000006a0000000|  0%| F|  |TAMS 0x000000069e000000, 0x000000069e000000| Untracked 
|  37|0x00000006a0000000, 0x00000006a0000000, 0x00000006a2000000|  0%| F|  |TAMS 0x00000006a0000000, 0x00000006a0000000| Untracked 
|  38|0x00000006a2000000, 0x00000006a4000000, 0x00000006a4000000|100%| O|  |TAMS 0x00000006a4000000, 0x00000006a2000000| Untracked 
|  39|0x00000006a4000000, 0x00000006a6000000, 0x00000006a6000000|100%| O|  |TAMS 0x00000006a6000000, 0x00000006a4000000| Untracked 
|  40|0x00000006a6000000, 0x00000006a6000000, 0x00000006a8000000|  0%| F|  |TAMS 0x00000006a6000000, 0x00000006a6000000| Untracked 
|  41|0x00000006a8000000, 0x00000006aa000000, 0x00000006aa000000|100%| O|  |TAMS 0x00000006aa000000, 0x00000006a8000000| Untracked 
|  42|0x00000006aa000000, 0x00000006ac000000, 0x00000006ac000000|100%| O|  |TAMS 0x00000006ac000000, 0x00000006aa000000| Untracked 
|  43|0x00000006ac000000, 0x00000006ac000000, 0x00000006ae000000|  0%| F|  |TAMS 0x00000006ac000000, 0x00000006ac000000| Untracked 
|  44|0x00000006ae000000, 0x00000006ae000000, 0x00000006b0000000|  0%| F|  |TAMS 0x00000006ae000000, 0x00000006ae000000| Untracked 
|  45|0x00000006b0000000, 0x00000006b0000000, 0x00000006b2000000|  0%| F|  |TAMS 0x00000006b0000000, 0x00000006b0000000| Untracked 
|  46|0x00000006b2000000, 0x00000006b2000000, 0x00000006b4000000|  0%| F|  |TAMS 0x00000006b2000000, 0x00000006b2000000| Untracked 
|  47|0x00000006b4000000, 0x00000006b4000000, 0x00000006b6000000|  0%| F|  |TAMS 0x00000006b4000000, 0x00000006b4000000| Untracked 
|  48|0x00000006b6000000, 0x00000006b8000000, 0x00000006b8000000|100%| O|  |TAMS 0x00000006b8000000, 0x00000006b6000000| Untracked 
|  49|0x00000006b8000000, 0x00000006ba000000, 0x00000006ba000000|100%| O|  |TAMS 0x00000006ba000000, 0x00000006b8000000| Untracked 
|  50|0x00000006ba000000, 0x00000006bc000000, 0x00000006bc000000|100%| O|  |TAMS 0x00000006bc000000, 0x00000006ba000000| Untracked 
|  51|0x00000006bc000000, 0x00000006be000000, 0x00000006be000000|100%| O|  |TAMS 0x00000006be000000, 0x00000006bc000000| Untracked 
|  52|0x00000006be000000, 0x00000006c0000000, 0x00000006c0000000|100%| O|  |TAMS 0x00000006c0000000, 0x00000006be000000| Untracked 
|  53|0x00000006c0000000, 0x00000006c2000000, 0x00000006c2000000|100%| O|  |TAMS 0x00000006c2000000, 0x00000006c0000000| Untracked 
|  54|0x00000006c2000000, 0x00000006c2000000, 0x00000006c4000000|  0%| F|  |TAMS 0x00000006c2000000, 0x00000006c2000000| Untracked 
|  55|0x00000006c4000000, 0x00000006c4000000, 0x00000006c6000000|  0%| F|  |TAMS 0x00000006c4000000, 0x00000006c4000000| Untracked 
|  56|0x00000006c6000000, 0x00000006c6000000, 0x00000006c8000000|  0%| F|  |TAMS 0x00000006c6000000, 0x00000006c6000000| Untracked 
|  57|0x00000006c8000000, 0x00000006ca000000, 0x00000006ca000000|100%| O|  |TAMS 0x00000006ca000000, 0x00000006c8000000| Untracked 
|  58|0x00000006ca000000, 0x00000006cc000000, 0x00000006cc000000|100%| O|  |TAMS 0x00000006cc000000, 0x00000006ca000000| Untracked 
|  59|0x00000006cc000000, 0x00000006cc000000, 0x00000006ce000000|  0%| F|  |TAMS 0x00000006cc000000, 0x00000006cc000000| Untracked 
|  60|0x00000006ce000000, 0x00000006ce000000, 0x00000006d0000000|  0%| F|  |TAMS 0x00000006ce000000, 0x00000006ce000000| Untracked 
|  61|0x00000006d0000000, 0x00000006d0000000, 0x00000006d2000000|  0%| F|  |TAMS 0x00000006d0000000, 0x00000006d0000000| Untracked 
|  62|0x00000006d2000000, 0x00000006d2000000, 0x00000006d4000000|  0%| F|  |TAMS 0x00000006d2000000, 0x00000006d2000000| Untracked 
|  63|0x00000006d4000000, 0x00000006d4000000, 0x00000006d6000000|  0%| F|  |TAMS 0x00000006d4000000, 0x00000006d4000000| Untracked 
|  64|0x00000006d6000000, 0x00000006d6000000, 0x00000006d8000000|  0%| F|  |TAMS 0x00000006d6000000, 0x00000006d6000000| Untracked 
|  65|0x00000006d8000000, 0x00000006d8000000, 0x00000006da000000|  0%| F|  |TAMS 0x00000006d8000000, 0x00000006d8000000| Untracked 
|  66|0x00000006da000000, 0x00000006da000000, 0x00000006dc000000|  0%| F|  |TAMS 0x00000006da000000, 0x00000006da000000| Untracked 
|  67|0x00000006dc000000, 0x00000006dc000000, 0x00000006de000000|  0%| F|  |TAMS 0x00000006dc000000, 0x00000006dc000000| Untracked 
|  68|0x00000006de000000, 0x00000006de000000, 0x00000006e0000000|  0%| F|  |TAMS 0x00000006de000000, 0x00000006de000000| Untracked 
|  69|0x00000006e0000000, 0x00000006e0000000, 0x00000006e2000000|  0%| F|  |TAMS 0x00000006e0000000, 0x00000006e0000000| Untracked 
|  70|0x00000006e2000000, 0x00000006e2000000, 0x00000006e4000000|  0%| F|  |TAMS 0x00000006e2000000, 0x00000006e2000000| Untracked 
|  71|0x00000006e4000000, 0x00000006e4000000, 0x00000006e6000000|  0%| F|  |TAMS 0x00000006e4000000, 0x00000006e4000000| Untracked 
|  72|0x00000006e6000000, 0x00000006e6000000, 0x00000006e8000000|  0%| F|  |TAMS 0x00000006e6000000, 0x00000006e6000000| Untracked 
|  73|0x00000006e8000000, 0x00000006e8000000, 0x00000006ea000000|  0%| F|  |TAMS 0x00000006e8000000, 0x00000006e8000000| Untracked 
|  74|0x00000006ea000000, 0x00000006ea000000, 0x00000006ec000000|  0%| F|  |TAMS 0x00000006ea000000, 0x00000006ea000000| Untracked 
|  75|0x00000006ec000000, 0x00000006ec000000, 0x00000006ee000000|  0%| F|  |TAMS 0x00000006ec000000, 0x00000006ec000000| Untracked 
|  76|0x00000006ee000000, 0x00000006ee000000, 0x00000006f0000000|  0%| F|  |TAMS 0x00000006ee000000, 0x00000006ee000000| Untracked 
|  77|0x00000006f0000000, 0x00000006f0000000, 0x00000006f2000000|  0%| F|  |TAMS 0x00000006f0000000, 0x00000006f0000000| Untracked 
|  78|0x00000006f2000000, 0x00000006f2000000, 0x00000006f4000000|  0%| F|  |TAMS 0x00000006f2000000, 0x00000006f2000000| Untracked 
|  79|0x00000006f4000000, 0x00000006f4000000, 0x00000006f6000000|  0%| F|  |TAMS 0x00000006f4000000, 0x00000006f4000000| Untracked 
|  80|0x00000006f6000000, 0x00000006f6000000, 0x00000006f8000000|  0%| F|  |TAMS 0x00000006f6000000, 0x00000006f6000000| Untracked 
|  81|0x00000006f8000000, 0x00000006f8000000, 0x00000006fa000000|  0%| F|  |TAMS 0x00000006f8000000, 0x00000006f8000000| Untracked 
|  82|0x00000006fa000000, 0x00000006fa000000, 0x00000006fc000000|  0%| F|  |TAMS 0x00000006fa000000, 0x00000006fa000000| Untracked 
|  83|0x00000006fc000000, 0x00000006fc000000, 0x00000006fe000000|  0%| F|  |TAMS 0x00000006fc000000, 0x00000006fc000000| Untracked 
|  84|0x00000006fe000000, 0x00000006fe000000, 0x0000000700000000|  0%| F|  |TAMS 0x00000006fe000000, 0x00000006fe000000| Untracked 
|  85|0x0000000700000000, 0x0000000700000000, 0x0000000702000000|  0%| F|  |TAMS 0x0000000700000000, 0x0000000700000000| Untracked 
|  86|0x0000000702000000, 0x0000000702000000, 0x0000000704000000|  0%| F|  |TAMS 0x0000000702000000, 0x0000000702000000| Untracked 
|  87|0x0000000704000000, 0x0000000704000000, 0x0000000706000000|  0%| F|  |TAMS 0x0000000704000000, 0x0000000704000000| Untracked 
|  88|0x0000000706000000, 0x0000000706000000, 0x0000000708000000|  0%| F|  |TAMS 0x0000000706000000, 0x0000000706000000| Untracked 
|  89|0x0000000708000000, 0x0000000708000000, 0x000000070a000000|  0%| F|  |TAMS 0x0000000708000000, 0x0000000708000000| Untracked 
|  90|0x000000070a000000, 0x000000070a000000, 0x000000070c000000|  0%| F|  |TAMS 0x000000070a000000, 0x000000070a000000| Untracked 
|  91|0x000000070c000000, 0x000000070c000000, 0x000000070e000000|  0%| F|  |TAMS 0x000000070c000000, 0x000000070c000000| Untracked 
|  92|0x000000070e000000, 0x000000070e000000, 0x0000000710000000|  0%| F|  |TAMS 0x000000070e000000, 0x000000070e000000| Untracked 
|  93|0x0000000710000000, 0x0000000710000000, 0x0000000712000000|  0%| F|  |TAMS 0x0000000710000000, 0x0000000710000000| Untracked 
|  94|0x0000000712000000, 0x0000000712000000, 0x0000000714000000|  0%| F|  |TAMS 0x0000000712000000, 0x0000000712000000| Untracked 
|  95|0x0000000714000000, 0x0000000714000000, 0x0000000716000000|  0%| F|  |TAMS 0x0000000714000000, 0x0000000714000000| Untracked 
|  96|0x0000000716000000, 0x0000000716000000, 0x0000000718000000|  0%| F|  |TAMS 0x0000000716000000, 0x0000000716000000| Untracked 
|  97|0x0000000718000000, 0x0000000718000000, 0x000000071a000000|  0%| F|  |TAMS 0x0000000718000000, 0x0000000718000000| Untracked 
|  98|0x000000071a000000, 0x000000071a000000, 0x000000071c000000|  0%| F|  |TAMS 0x000000071a000000, 0x000000071a000000| Untracked 
|  99|0x000000071c000000, 0x000000071c000000, 0x000000071e000000|  0%| F|  |TAMS 0x000000071c000000, 0x000000071c000000| Untracked 
| 100|0x000000071e000000, 0x000000071e000000, 0x0000000720000000|  0%| F|  |TAMS 0x000000071e000000, 0x000000071e000000| Untracked 
| 101|0x0000000720000000, 0x0000000720000000, 0x0000000722000000|  0%| F|  |TAMS 0x0000000720000000, 0x0000000720000000| Untracked 
| 102|0x0000000722000000, 0x0000000722000000, 0x0000000724000000|  0%| F|  |TAMS 0x0000000722000000, 0x0000000722000000| Untracked 
| 103|0x0000000724000000, 0x0000000724000000, 0x0000000726000000|  0%| F|  |TAMS 0x0000000724000000, 0x0000000724000000| Untracked 
| 104|0x0000000726000000, 0x0000000726000000, 0x0000000728000000|  0%| F|  |TAMS 0x0000000726000000, 0x0000000726000000| Untracked 
| 105|0x0000000728000000, 0x0000000728000000, 0x000000072a000000|  0%| F|  |TAMS 0x0000000728000000, 0x0000000728000000| Untracked 
| 106|0x000000072a000000, 0x000000072a000000, 0x000000072c000000|  0%| F|  |TAMS 0x000000072a000000, 0x000000072a000000| Untracked 
| 107|0x000000072c000000, 0x000000072cd4cbc0, 0x000000072e000000| 41%| S|CS|TAMS 0x000000072c000000, 0x000000072c000000| Complete 
| 108|0x000000072e000000, 0x0000000730000000, 0x0000000730000000|100%| S|CS|TAMS 0x000000072e000000, 0x000000072e000000| Complete 
| 109|0x0000000730000000, 0x0000000730000000, 0x0000000732000000|  0%| F|  |TAMS 0x0000000730000000, 0x0000000730000000| Untracked 
| 110|0x0000000732000000, 0x0000000732000000, 0x0000000734000000|  0%| F|  |TAMS 0x0000000732000000, 0x0000000732000000| Untracked 
| 111|0x0000000734000000, 0x0000000734000000, 0x0000000736000000|  0%| F|  |TAMS 0x0000000734000000, 0x0000000734000000| Untracked 
| 112|0x0000000736000000, 0x00000007373f3fc0, 0x0000000738000000| 62%| E|  |TAMS 0x0000000736000000, 0x0000000736000000| Complete 
| 113|0x0000000738000000, 0x000000073a000000, 0x000000073a000000|100%| E|CS|TAMS 0x0000000738000000, 0x0000000738000000| Complete 
| 114|0x000000073a000000, 0x000000073c000000, 0x000000073c000000|100%| E|  |TAMS 0x000000073a000000, 0x000000073a000000| Complete 
| 115|0x000000073c000000, 0x000000073e000000, 0x000000073e000000|100%| E|CS|TAMS 0x000000073c000000, 0x000000073c000000| Complete 
| 116|0x000000073e000000, 0x0000000740000000, 0x0000000740000000|100%| E|CS|TAMS 0x000000073e000000, 0x000000073e000000| Complete 
| 117|0x0000000740000000, 0x0000000742000000, 0x0000000742000000|100%| E|CS|TAMS 0x0000000740000000, 0x0000000740000000| Complete 
| 118|0x0000000742000000, 0x0000000744000000, 0x0000000744000000|100%| E|CS|TAMS 0x0000000742000000, 0x0000000742000000| Complete 
| 119|0x0000000744000000, 0x0000000746000000, 0x0000000746000000|100%| E|CS|TAMS 0x0000000744000000, 0x0000000744000000| Complete 
| 120|0x0000000746000000, 0x0000000748000000, 0x0000000748000000|100%| E|CS|TAMS 0x0000000746000000, 0x0000000746000000| Complete 
| 121|0x0000000748000000, 0x000000074a000000, 0x000000074a000000|100%| E|CS|TAMS 0x0000000748000000, 0x0000000748000000| Complete 
| 122|0x000000074a000000, 0x000000074c000000, 0x000000074c000000|100%| E|CS|TAMS 0x000000074a000000, 0x000000074a000000| Complete 
| 123|0x000000074c000000, 0x000000074e000000, 0x000000074e000000|100%| E|CS|TAMS 0x000000074c000000, 0x000000074c000000| Complete 
| 124|0x000000074e000000, 0x0000000750000000, 0x0000000750000000|100%| E|CS|TAMS 0x000000074e000000, 0x000000074e000000| Complete 
| 125|0x0000000750000000, 0x0000000752000000, 0x0000000752000000|100%| E|CS|TAMS 0x0000000750000000, 0x0000000750000000| Complete 
| 126|0x0000000752000000, 0x0000000754000000, 0x0000000754000000|100%| E|CS|TAMS 0x0000000752000000, 0x0000000752000000| Complete 
| 127|0x0000000754000000, 0x0000000756000000, 0x0000000756000000|100%| E|CS|TAMS 0x0000000754000000, 0x0000000754000000| Complete 
| 128|0x0000000756000000, 0x0000000758000000, 0x0000000758000000|100%| E|CS|TAMS 0x0000000756000000, 0x0000000756000000| Complete 
| 129|0x0000000758000000, 0x000000075a000000, 0x000000075a000000|100%| E|CS|TAMS 0x0000000758000000, 0x0000000758000000| Complete 
| 130|0x000000075a000000, 0x000000075c000000, 0x000000075c000000|100%| E|CS|TAMS 0x000000075a000000, 0x000000075a000000| Complete 
| 131|0x000000075c000000, 0x000000075e000000, 0x000000075e000000|100%| E|CS|TAMS 0x000000075c000000, 0x000000075c000000| Complete 
| 132|0x000000075e000000, 0x0000000760000000, 0x0000000760000000|100%| E|CS|TAMS 0x000000075e000000, 0x000000075e000000| Complete 
| 133|0x0000000760000000, 0x0000000762000000, 0x0000000762000000|100%| E|CS|TAMS 0x0000000760000000, 0x0000000760000000| Complete 
| 134|0x0000000762000000, 0x0000000764000000, 0x0000000764000000|100%| E|CS|TAMS 0x0000000762000000, 0x0000000762000000| Complete 

Card table byte_map: [0x000002513d470000,0x000002513e1c0000] _byte_map_base: 0x000002513a1c0000

Marking Bits (Prev, Next): (CMBitMap*) 0x0000025127a38190, (CMBitMap*) 0x0000025127a381d0
 Prev Bits: [0x000002513ef10000, 0x0000025145990000)
 Next Bits: [0x0000025145990000, 0x000002514c410000)

Polling page: 0x0000025127a70000

Metaspace:

Usage:
  Non-class:    206.22 MB used.
      Class:     38.80 MB used.
       Both:    245.02 MB used.

Virtual space:
  Non-class space:      256.00 MB reserved,     208.00 MB ( 81%) committed,  4 nodes.
      Class space:        1.00 GB reserved,      40.00 MB (  4%) committed,  1 nodes.
             Both:        1.25 GB reserved,     248.00 MB ( 19%) committed. 

Chunk freelists:
   Non-Class:  717.00 KB
       Class:  8.25 MB
        Both:  8.96 MB

MaxMetaspaceSize: unlimited
CompressedClassSpaceSize: 1.00 GB
Initial GC threshold: 21.00 MB
Current GC threshold: 413.12 MB
CDS: off
MetaspaceReclaimPolicy: balanced
 - commit_granule_bytes: 65536.
 - commit_granule_words: 8192.
 - virtual_space_node_default_size: 8388608.
 - enlarge_chunks_in_place: 1.
 - new_chunks_are_fully_committed: 0.
 - uncommit_free_chunks: 1.
 - use_allocation_guard: 0.
 - handle_deallocations: 1.


Internal statistics:

num_allocs_failed_limit: 612.
num_arena_births: 3936.
num_arena_deaths: 716.
num_vsnodes_births: 5.
num_vsnodes_deaths: 0.
num_space_committed: 3959.
num_space_uncommitted: 0.
num_chunks_returned_to_freelist: 1459.
num_chunks_taken_from_freelist: 14384.
num_chunk_merges: 803.
num_chunk_splits: 10187.
num_chunks_enlarged: 6549.
num_inconsistent_stats: 0.

CodeHeap 'non-profiled nmethods': size=120000Kb used=50738Kb max_used=50738Kb free=69261Kb
 bounds [0x0000025134560000, 0x00000251376f0000, 0x000002513ba90000]
CodeHeap 'profiled nmethods': size=120000Kb used=58655Kb max_used=59785Kb free=61345Kb
 bounds [0x000002512ca90000, 0x0000025130500000, 0x0000025133fc0000]
CodeHeap 'non-nmethods': size=5760Kb used=2874Kb max_used=2992Kb free=2886Kb
 bounds [0x0000025133fc0000, 0x00000251342d0000, 0x0000025134560000]
 total_blobs=38546 nmethods=35901 adapters=2550
 compilation: enabled
              stopped_count=0, restarted_count=0
 full_count=0

Compilation events (20 events):
Event: 6125.994 Thread 0x000002515941b620 nmethod 56791 0x00000251376e3810 code [0x00000251376e3980, 0x00000251376e39f8]
Event: 6125.994 Thread 0x000002515941b620 56792       4       java.util.Arrays::copyOfRange (11 bytes)
Event: 6125.995 Thread 0x000002514f119af0 nmethod 56796 0x00000251376e3b10 code [0x00000251376e3ca0, 0x00000251376e3ed8]
Event: 6125.996 Thread 0x000002515941b620 nmethod 56792 0x00000251376e4190 code [0x00000251376e4320, 0x00000251376e46b8]
Event: 6126.002 Thread 0x000002514f11a010 56812       3       net.minecraft.client.renderer.ShaderInstance::m_142662_ (17 bytes)
Event: 6126.003 Thread 0x000002514f11a010 nmethod 56812 0x000002512e013e90 code [0x000002512e014180, 0x000002512e0153d8]
Event: 6126.017 Thread 0x000002514f11a010 56813       3       com.mojang.blaze3d.shaders.Program::m_166604_ (43 bytes)
Event: 6126.017 Thread 0x000002514f11a010 nmethod 56813 0x000002512f788c90 code [0x000002512f788ea0, 0x000002512f789568]
Event: 6126.018 Thread 0x000002514f11a010 56814       3       com.mojang.blaze3d.preprocessor.GlslPreprocessor$Context::<init> (5 bytes)
Event: 6126.018 Thread 0x000002514f11a010 nmethod 56814 0x000002512f479110 code [0x000002512f4792a0, 0x000002512f4793f8]
Event: 6126.018 Thread 0x000002514f11a010 56815   !   3       java.nio.DirectByteBuffer::put (36 bytes)
Event: 6126.018 Thread 0x000002514f11a010 nmethod 56815 0x000002512d42ab10 code [0x000002512d42ad80, 0x000002512d42b848]
Event: 6126.019 Thread 0x000002514f11a010 56816   !   3       org.apache.commons.io.IOUtils::toString (93 bytes)
Event: 6126.019 Thread 0x000002514f11a010 nmethod 56816 0x000002512f7a2e10 code [0x000002512f7a3040, 0x000002512f7a3788]
Event: 6126.019 Thread 0x000002514f11a010 56817       3       org.lwjgl.PointerBuffer::put (23 bytes)
Event: 6126.019 Thread 0x000002514f11a010 nmethod 56817 0x000002512f06ea10 code [0x000002512f06ebe0, 0x000002512f06ef38]
Event: 6126.032 Thread 0x000002514f119af0 56818       4       java.util.regex.Pattern$$Lambda$13186/0x0000000801a615d0::is (5 bytes)
Event: 6126.032 Thread 0x000002514f119af0 nmethod 56818 0x00000251376e4810 code [0x00000251376e49a0, 0x00000251376e4af8]
Event: 6126.037 Thread 0x000002514f11a010 56819       3       com.mojang.blaze3d.preprocessor.GlslPreprocessor::m_166461_ (45 bytes)
Event: 6126.037 Thread 0x000002514f11a010 nmethod 56819 0x000002512f4a7e10 code [0x000002512f4a8000, 0x000002512f4a8558]

GC Heap History (20 events):
Event: 5811.685 GC heap before
{Heap before GC invocations=189 (full 0):
 garbage-first heap   total 4423680K, used 3460863K [0x0000000656000000, 0x0000000800000000)
  region size 32768K, 62 young (2031616K), 1 survivors (32768K)
 Metaspace       used 250833K, committed 253888K, reserved 1310720K
  class space    used 39730K, committed 40960K, reserved 1048576K
}
Event: 5811.687 GC heap after
{Heap after GC invocations=190 (full 0):
 garbage-first heap   total 4423680K, used 1462106K [0x0000000656000000, 0x0000000800000000)
  region size 32768K, 1 young (32768K), 1 survivors (32768K)
 Metaspace       used 250833K, committed 253888K, reserved 1310720K
  class space    used 39730K, committed 40960K, reserved 1048576K
}
Event: 5880.731 GC heap before
{Heap before GC invocations=190 (full 0):
 garbage-first heap   total 4423680K, used 3460954K [0x0000000656000000, 0x0000000800000000)
  region size 32768K, 62 young (2031616K), 1 survivors (32768K)
 Metaspace       used 250833K, committed 253888K, reserved 1310720K
  class space    used 39730K, committed 40960K, reserved 1048576K
}
Event: 5880.733 GC heap after
{Heap after GC invocations=191 (full 0):
 garbage-first heap   total 4423680K, used 1462300K [0x0000000656000000, 0x0000000800000000)
  region size 32768K, 1 young (32768K), 1 survivors (32768K)
 Metaspace       used 250833K, committed 253888K, reserved 1310720K
  class space    used 39730K, committed 40960K, reserved 1048576K
}
Event: 5951.167 GC heap before
{Heap before GC invocations=191 (full 0):
 garbage-first heap   total 4423680K, used 3461148K [0x0000000656000000, 0x0000000800000000)
  region size 32768K, 62 young (2031616K), 1 survivors (32768K)
 Metaspace       used 250833K, committed 253888K, reserved 1310720K
  class space    used 39730K, committed 40960K, reserved 1048576K
}
Event: 5951.169 GC heap after
{Heap after GC invocations=192 (full 0):
 garbage-first heap   total 4423680K, used 1462298K [0x0000000656000000, 0x0000000800000000)
  region size 32768K, 1 young (32768K), 1 survivors (32768K)
 Metaspace       used 250833K, committed 253888K, reserved 1310720K
  class space    used 39730K, committed 40960K, reserved 1048576K
}
Event: 6021.634 GC heap before
{Heap before GC invocations=193 (full 0):
 garbage-first heap   total 4423680K, used 3461146K [0x0000000656000000, 0x0000000800000000)
  region size 32768K, 62 young (2031616K), 1 survivors (32768K)
 Metaspace       used 250833K, committed 253888K, reserved 1310720K
  class space    used 39730K, committed 40960K, reserved 1048576K
}
Event: 6021.636 GC heap after
{Heap after GC invocations=194 (full 0):
 garbage-first heap   total 4423680K, used 1462270K [0x0000000656000000, 0x0000000800000000)
  region size 32768K, 1 young (32768K), 1 survivors (32768K)
 Metaspace       used 250833K, committed 253888K, reserved 1310720K
  class space    used 39730K, committed 40960K, reserved 1048576K
}
Event: 6051.333 GC heap before
{Heap before GC invocations=194 (full 0):
 garbage-first heap   total 4423680K, used 2314238K [0x0000000656000000, 0x0000000800000000)
  region size 32768K, 27 young (884736K), 1 survivors (32768K)
 Metaspace       used 250833K, committed 253888K, reserved 1310720K
  class space    used 39730K, committed 40960K, reserved 1048576K
}
Event: 6051.397 GC heap after
{Heap after GC invocations=195 (full 0):
 garbage-first heap   total 4423680K, used 1448697K [0x0000000656000000, 0x0000000800000000)
  region size 32768K, 1 young (32768K), 1 survivors (32768K)
 Metaspace       used 250833K, committed 253888K, reserved 1310720K
  class space    used 39730K, committed 40960K, reserved 1048576K
}
Event: 6111.671 GC heap before
{Heap before GC invocations=195 (full 0):
 garbage-first heap   total 4423680K, used 3447545K [0x0000000656000000, 0x0000000800000000)
  region size 32768K, 62 young (2031616K), 1 survivors (32768K)
 Metaspace       used 250856K, committed 253952K, reserved 1310720K
  class space    used 39730K, committed 40960K, reserved 1048576K
}
Event: 6111.684 GC heap after
{Heap after GC invocations=196 (full 0):
 garbage-first heap   total 4423680K, used 1474952K [0x0000000656000000, 0x0000000800000000)
  region size 32768K, 1 young (32768K), 1 survivors (32768K)
 Metaspace       used 250856K, committed 253952K, reserved 1310720K
  class space    used 39730K, committed 40960K, reserved 1048576K
}
Event: 6112.435 GC heap before
{Heap before GC invocations=196 (full 0):
 garbage-first heap   total 4423680K, used 3441032K [0x0000000656000000, 0x0000000800000000)
  region size 32768K, 61 young (1998848K), 1 survivors (32768K)
 Metaspace       used 250867K, committed 253952K, reserved 1310720K
  class space    used 39730K, committed 40960K, reserved 1048576K
}
Event: 6112.494 GC heap after
{Heap after GC invocations=197 (full 0):
 garbage-first heap   total 4423680K, used 1541097K [0x0000000656000000, 0x0000000800000000)
  region size 32768K, 3 young (98304K), 3 survivors (98304K)
 Metaspace       used 250867K, committed 253952K, reserved 1310720K
  class space    used 39730K, committed 40960K, reserved 1048576K
}
Event: 6114.506 GC heap before
{Heap before GC invocations=197 (full 0):
 garbage-first heap   total 4423680K, used 2327529K [0x0000000656000000, 0x0000000800000000)
  region size 32768K, 27 young (884736K), 3 survivors (98304K)
 Metaspace       used 250873K, committed 253952K, reserved 1310720K
  class space    used 39730K, committed 40960K, reserved 1048576K
}
Event: 6114.597 GC heap after
{Heap after GC invocations=198 (full 0):
 garbage-first heap   total 4423680K, used 1553831K [0x0000000656000000, 0x0000000800000000)
  region size 32768K, 1 young (32768K), 1 survivors (32768K)
 Metaspace       used 250873K, committed 253952K, reserved 1310720K
  class space    used 39730K, committed 40960K, reserved 1048576K
}
Event: 6119.487 GC heap before
{Heap before GC invocations=199 (full 0):
 garbage-first heap   total 4423680K, used 2635175K [0x0000000656000000, 0x0000000800000000)
  region size 32768K, 34 young (1114112K), 1 survivors (32768K)
 Metaspace       used 250881K, committed 253952K, reserved 1310720K
  class space    used 39730K, committed 40960K, reserved 1048576K
}
Event: 6119.493 GC heap after
{Heap after GC invocations=200 (full 0):
 garbage-first heap   total 4423680K, used 1549875K [0x0000000656000000, 0x0000000800000000)
  region size 32768K, 1 young (32768K), 1 survivors (32768K)
 Metaspace       used 250881K, committed 253952K, reserved 1310720K
  class space    used 39730K, committed 40960K, reserved 1048576K
}
Event: 6124.763 GC heap before
{Heap before GC invocations=200 (full 0):
 garbage-first heap   total 4423680K, used 2401843K [0x0000000656000000, 0x0000000800000000)
  region size 32768K, 27 young (884736K), 1 survivors (32768K)
 Metaspace       used 250883K, committed 253952K, reserved 1310720K
  class space    used 39731K, committed 40960K, reserved 1048576K
}
Event: 6124.799 GC heap after
{Heap after GC invocations=201 (full 0):
 garbage-first heap   total 4423680K, used 1573407K [0x0000000656000000, 0x0000000800000000)
  region size 32768K, 2 young (65536K), 2 survivors (65536K)
 Metaspace       used 250883K, committed 253952K, reserved 1310720K
  class space    used 39731K, committed 40960K, reserved 1048576K
}

Dll operation events (16 events):
Event: 0.009 Loaded shared library C:\Users\Maycon Souza\AppData\Roaming\.minecraft\runtime\java-runtime-gamma\windows\java-runtime-gamma\bin\java.dll
Event: 0.031 Loaded shared library C:\Users\Maycon Souza\AppData\Roaming\.minecraft\runtime\java-runtime-gamma\windows\java-runtime-gamma\bin\jsvml.dll
Event: 0.171 Loaded shared library C:\Users\Maycon Souza\AppData\Roaming\.minecraft\runtime\java-runtime-gamma\windows\java-runtime-gamma\bin\net.dll
Event: 0.173 Loaded shared library C:\Users\Maycon Souza\AppData\Roaming\.minecraft\runtime\java-runtime-gamma\windows\java-runtime-gamma\bin\nio.dll
Event: 0.179 Loaded shared library C:\Users\Maycon Souza\AppData\Roaming\.minecraft\runtime\java-runtime-gamma\windows\java-runtime-gamma\bin\zip.dll
Event: 0.239 Loaded shared library C:\Users\Maycon Souza\AppData\Roaming\.minecraft\runtime\java-runtime-gamma\windows\java-runtime-gamma\bin\jimage.dll
Event: 0.439 Loaded shared library C:\Users\Maycon Souza\AppData\Roaming\.minecraft\runtime\java-runtime-gamma\windows\java-runtime-gamma\bin\verify.dll
Event: 2.320 Loaded shared library C:\Users\Maycon Souza\AppData\Roaming\.minecraft\runtime\java-runtime-gamma\windows\java-runtime-gamma\bin\management.dll
Event: 2.324 Loaded shared library C:\Users\Maycon Souza\AppData\Roaming\.minecraft\runtime\java-runtime-gamma\windows\java-runtime-gamma\bin\management_ext.dll
Event: 5.166 Loaded shared library C:\Users\Maycon Souza\AppData\Roaming\.minecraft\versions\TineTiDev\natives\lwjgl.dll
Event: 5.823 Loaded shared library C:\Users\Maycon Souza\AppData\Roaming\.minecraft\versions\TineTiDev\natives\lwjgl_opengl.dll
Event: 5.935 Loaded shared library C:\Users\Maycon Souza\AppData\Roaming\.minecraft\versions\TineTiDev\natives\lwjgl_stb.dll
Event: 11.801 Loaded shared library C:\Users\Maycon Souza\AppData\Roaming\.minecraft\versions\TineTiDev\natives\jna13072154077130529723.dll
Event: 20.707 Loaded shared library C:\Users\Maycon Souza\AppData\Roaming\.minecraft\runtime\java-runtime-gamma\windows\java-runtime-gamma\bin\sunmscapi.dll
Event: 20.740 Loaded shared library C:\Users\Maycon Souza\AppData\Roaming\.minecraft\runtime\java-runtime-gamma\windows\java-runtime-gamma\bin\extnet.dll
Event: 25.258 Loaded shared library C:\Users\Maycon Souza\AppData\Roaming\.minecraft\runtime\java-runtime-gamma\windows\java-runtime-gamma\bin\awt.dll

Deoptimization events (20 events):
Event: 6125.549 Thread 0x00000251279d3b10 DEOPT PACKING pc=0x00000251376b8fb0 sp=0x000000fab25fdc00
Event: 6125.549 Thread 0x00000251279d3b10 DEOPT UNPACKING pc=0x00000251340169a3 sp=0x000000fab25fdbe8 mode 2
Event: 6125.554 Thread 0x00000251279d3b10 DEOPT PACKING pc=0x000002512ccdc044 sp=0x000000fab25fda80
Event: 6125.554 Thread 0x00000251279d3b10 DEOPT UNPACKING pc=0x0000025134017143 sp=0x000000fab25fcfd8 mode 0
Event: 6125.943 Thread 0x00000251279d3b10 Uncommon trap: trap_request=0xffffffbe fr.pc=0x00000251369d0ef0 relative=0x00000000000014d0
Event: 6125.943 Thread 0x00000251279d3b10 Uncommon trap: reason=profile_predicate action=maybe_recompile pc=0x00000251369d0ef0 method=net.minecraft.client.renderer.texture.TextureAtlas.updateIconGrid(II)V @ 256 c2
Event: 6125.943 Thread 0x00000251279d3b10 DEOPT PACKING pc=0x00000251369d0ef0 sp=0x000000fab25fda30
Event: 6125.943 Thread 0x00000251279d3b10 DEOPT UNPACKING pc=0x00000251340169a3 sp=0x000000fab25fd990 mode 2
Event: 6125.944 Thread 0x00000251279d3b10 Uncommon trap: trap_request=0xffffffbe fr.pc=0x00000251369d0ef0 relative=0x00000000000014d0
Event: 6125.944 Thread 0x00000251279d3b10 Uncommon trap: reason=profile_predicate action=maybe_recompile pc=0x00000251369d0ef0 method=net.minecraft.client.renderer.texture.TextureAtlas.updateIconGrid(II)V @ 256 c2
Event: 6125.944 Thread 0x00000251279d3b10 DEOPT PACKING pc=0x00000251369d0ef0 sp=0x000000fab25fda30
Event: 6125.944 Thread 0x00000251279d3b10 DEOPT UNPACKING pc=0x00000251340169a3 sp=0x000000fab25fd990 mode 2
Event: 6125.944 Thread 0x00000251279d3b10 Uncommon trap: trap_request=0xffffffbe fr.pc=0x00000251369d0ef0 relative=0x00000000000014d0
Event: 6125.944 Thread 0x00000251279d3b10 Uncommon trap: reason=profile_predicate action=maybe_recompile pc=0x00000251369d0ef0 method=net.minecraft.client.renderer.texture.TextureAtlas.updateIconGrid(II)V @ 256 c2
Event: 6125.944 Thread 0x00000251279d3b10 DEOPT PACKING pc=0x00000251369d0ef0 sp=0x000000fab25fda30
Event: 6125.944 Thread 0x00000251279d3b10 DEOPT UNPACKING pc=0x00000251340169a3 sp=0x000000fab25fd990 mode 2
Event: 6125.947 Thread 0x00000251279d3b10 Uncommon trap: trap_request=0xffffffbe fr.pc=0x00000251369d0ef0 relative=0x00000000000014d0
Event: 6125.947 Thread 0x00000251279d3b10 Uncommon trap: reason=profile_predicate action=maybe_recompile pc=0x00000251369d0ef0 method=net.minecraft.client.renderer.texture.TextureAtlas.updateIconGrid(II)V @ 256 c2
Event: 6125.947 Thread 0x00000251279d3b10 DEOPT PACKING pc=0x00000251369d0ef0 sp=0x000000fab25fda30
Event: 6125.947 Thread 0x00000251279d3b10 DEOPT UNPACKING pc=0x00000251340169a3 sp=0x000000fab25fd990 mode 2

Classes loaded (20 events):
Event: 919.992 Loading class java/lang/ProcessImpl
Event: 919.993 Loading class java/lang/ProcessImpl done
Event: 920.011 Loading class java/lang/ProcessImpl$2
Event: 920.011 Loading class java/lang/ProcessImpl$2 done
Event: 920.011 Loading class java/lang/Process$PipeInputStream
Event: 920.011 Loading class java/lang/Process$PipeInputStream done
Event: 920.014 Loading class jdk/internal/event/ProcessStartEvent
Event: 920.014 Loading class jdk/internal/event/ProcessStartEvent done
Event: 1022.164 Loading class sun/security/ssl/PreSharedKeyExtension$PskIdentity
Event: 1022.164 Loading class sun/security/ssl/PreSharedKeyExtension$PskIdentity done
Event: 1022.164 Loading class sun/security/ssl/PreSharedKeyExtension$CHPreSharedKeySpec
Event: 1022.165 Loading class sun/security/ssl/PreSharedKeyExtension$CHPreSharedKeySpec done
Event: 1022.165 Loading class sun/security/ssl/PreSharedKeyExtension$PartialClientHelloMessage
Event: 1022.165 Loading class sun/security/ssl/PreSharedKeyExtension$PartialClientHelloMessage done
Event: 1022.167 Loading class sun/security/ssl/PreSharedKeyExtension$SHPreSharedKeySpec
Event: 1022.168 Loading class sun/security/ssl/PreSharedKeyExtension$SHPreSharedKeySpec done
Event: 1953.132 Loading class java/util/TreeMap$ValueSpliterator
Event: 1953.132 Loading class java/util/TreeMap$ValueSpliterator done
Event: 3080.321 Loading class java/util/DualPivotQuicksort$Sorter
Event: 3080.325 Loading class java/util/DualPivotQuicksort$Sorter done

Classes unloaded (20 events):
Event: 5647.730 Thread 0x000002514e81e1f0 Unloading class 0x00000008003d8c00 'java/lang/invoke/LambdaForm$MH+0x00000008003d8c00'
Event: 5647.730 Thread 0x000002514e81e1f0 Unloading class 0x00000008003d8400 'java/lang/invoke/LambdaForm$MH+0x00000008003d8400'
Event: 5647.730 Thread 0x000002514e81e1f0 Unloading class 0x00000008003d8000 'java/lang/invoke/LambdaForm$MH+0x00000008003d8000'
Event: 5647.730 Thread 0x000002514e81e1f0 Unloading class 0x00000008003d1400 'java/lang/invoke/LambdaForm$MH+0x00000008003d1400'
Event: 5647.730 Thread 0x000002514e81e1f0 Unloading class 0x00000008003d0c00 'java/lang/invoke/LambdaForm$MH+0x00000008003d0c00'
Event: 5647.730 Thread 0x000002514e81e1f0 Unloading class 0x00000008003d0400 'java/lang/invoke/LambdaForm$BMH+0x00000008003d0400'
Event: 5647.731 Thread 0x000002514e81e1f0 Unloading class 0x00000008003cc800 'java/lang/invoke/LambdaForm$DMH+0x00000008003cc800'
Event: 5647.731 Thread 0x000002514e81e1f0 Unloading class 0x00000008003a9c00 'java/lang/invoke/LambdaForm$BMH+0x00000008003a9c00'
Event: 5647.731 Thread 0x000002514e81e1f0 Unloading class 0x00000008003a0400 'java/lang/invoke/LambdaForm$DMH+0x00000008003a0400'
Event: 5647.731 Thread 0x000002514e81e1f0 Unloading class 0x00000008002a6400 'java/lang/invoke/LambdaForm$DMH+0x00000008002a6400'
Event: 5647.731 Thread 0x000002514e81e1f0 Unloading class 0x00000008002a5800 'java/lang/invoke/LambdaForm$DMH+0x00000008002a5800'
Event: 5647.732 Thread 0x000002514e81e1f0 Unloading class 0x00000008002a5000 'java/lang/invoke/LambdaForm$MH+0x00000008002a5000'
Event: 5647.732 Thread 0x000002514e81e1f0 Unloading class 0x0000000800258c00 'jdk/internal/reflect/GeneratedConstructorAccessor8'
Event: 5647.732 Thread 0x000002514e81e1f0 Unloading class 0x000000080011f000 'java/lang/invoke/LambdaForm$MH+0x000000080011f000'
Event: 5647.732 Thread 0x000002514e81e1f0 Unloading class 0x000000080011ec00 'java/lang/invoke/LambdaForm$MH+0x000000080011ec00'
Event: 5647.732 Thread 0x000002514e81e1f0 Unloading class 0x000000080011e800 'java/lang/invoke/LambdaForm$MH+0x000000080011e800'
Event: 5647.732 Thread 0x000002514e81e1f0 Unloading class 0x000000080011dc00 'java/lang/invoke/LambdaForm$MH+0x000000080011dc00'
Event: 5647.732 Thread 0x000002514e81e1f0 Unloading class 0x000000080011d400 'java/lang/invoke/LambdaForm$MH+0x000000080011d400'
Event: 5647.732 Thread 0x000002514e81e1f0 Unloading class 0x000000080011c400 'java/lang/invoke/LambdaForm$MH+0x000000080011c400'
Event: 5647.732 Thread 0x000002514e81e1f0 Unloading class 0x000000080011c000 'java/lang/invoke/LambdaForm$MH+0x000000080011c000'

Classes redefined (0 events):
No events

Internal exceptions (20 events):
Event: 6111.609 Thread 0x00000251adf29160 Exception <a 'sun/nio/fs/WindowsException'{0x0000000747b9c728}> (0x0000000747b9c728) 
thrown [s\src\hotspot\share\prims\jni.cpp, line 516]
Event: 6111.610 Thread 0x00000251c26260c0 Exception <a 'sun/nio/fs/WindowsException'{0x00000006f35c0e50}> (0x00000006f35c0e50) 
thrown [s\src\hotspot\share\prims\jni.cpp, line 516]
Event: 6111.610 Thread 0x00000251adf29160 Exception <a 'sun/nio/fs/WindowsException'{0x0000000747ba0fe0}> (0x0000000747ba0fe0) 
thrown [s\src\hotspot\share\prims\jni.cpp, line 516]
Event: 6111.610 Thread 0x00000251c26260c0 Exception <a 'sun/nio/fs/WindowsException'{0x00000006f35c11a8}> (0x00000006f35c11a8) 
thrown [s\src\hotspot\share\prims\jni.cpp, line 516]
Event: 6111.611 Thread 0x00000251adf29160 Exception <a 'sun/nio/fs/WindowsException'{0x0000000747ba5898}> (0x0000000747ba5898) 
thrown [s\src\hotspot\share\prims\jni.cpp, line 516]
Event: 6111.611 Thread 0x00000251c26260c0 Exception <a 'sun/nio/fs/WindowsException'{0x00000006f35c5cc0}> (0x00000006f35c5cc0) 
thrown [s\src\hotspot\share\prims\jni.cpp, line 516]
Event: 6111.612 Thread 0x00000251adf29160 Exception <a 'sun/nio/fs/WindowsException'{0x0000000747baa150}> (0x0000000747baa150) 
thrown [s\src\hotspot\share\prims\jni.cpp, line 516]
Event: 6111.612 Thread 0x00000251c26260c0 Exception <a 'sun/nio/fs/WindowsException'{0x00000006f35ca588}> (0x00000006f35ca588) 
thrown [s\src\hotspot\share\prims\jni.cpp, line 516]
Event: 6111.613 Thread 0x00000251adf29160 Exception <a 'sun/nio/fs/WindowsException'{0x0000000747baea08}> (0x0000000747baea08) 
thrown [s\src\hotspot\share\prims\jni.cpp, line 516]
Event: 6111.613 Thread 0x00000251c26260c0 Exception <a 'sun/nio/fs/WindowsException'{0x00000006f35cee40}> (0x00000006f35cee40) 
thrown [s\src\hotspot\share\prims\jni.cpp, line 516]
Event: 6111.614 Thread 0x00000251adf29160 Exception <a 'sun/nio/fs/WindowsException'{0x0000000747bb32c0}> (0x0000000747bb32c0) 
thrown [s\src\hotspot\share\prims\jni.cpp, line 516]
Event: 6111.614 Thread 0x00000251c26260c0 Exception <a 'sun/nio/fs/WindowsException'{0x00000006f35d4360}> (0x00000006f35d4360) 
thrown [s\src\hotspot\share\prims\jni.cpp, line 516]
Event: 6111.615 Thread 0x00000251adf29160 Exception <a 'sun/nio/fs/WindowsException'{0x0000000747bb7bb8}> (0x0000000747bb7bb8) 
thrown [s\src\hotspot\share\prims\jni.cpp, line 516]
Event: 6111.615 Thread 0x00000251c26260c0 Exception <a 'sun/nio/fs/WindowsException'{0x00000006f35d46b8}> (0x00000006f35d46b8) 
thrown [s\src\hotspot\share\prims\jni.cpp, line 516]
Event: 6111.616 Thread 0x00000251adf29160 Exception <a 'sun/nio/fs/WindowsException'{0x0000000747bbcd40}> (0x0000000747bbcd40) 
thrown [s\src\hotspot\share\prims\jni.cpp, line 516]
Event: 6111.616 Thread 0x00000251c26260c0 Exception <a 'sun/nio/fs/WindowsException'{0x00000006f35d8f70}> (0x00000006f35d8f70) 
thrown [s\src\hotspot\share\prims\jni.cpp, line 516]
Event: 6111.642 Thread 0x00000251c2625190 Exception <a 'sun/nio/fs/WindowsException'{0x00000006f2dcbb08}> (0x00000006f2dcbb08) 
thrown [s\src\hotspot\share\prims\jni.cpp, line 516]
Event: 6111.643 Thread 0x00000251c2625190 Exception <a 'sun/nio/fs/WindowsException'{0x00000006f2dcbfd0}> (0x00000006f2dcbfd0) 
thrown [s\src\hotspot\share\prims\jni.cpp, line 516]
Event: 6111.643 Thread 0x00000251c2625190 Exception <a 'sun/nio/fs/WindowsException'{0x00000006f2dcc0f0}> (0x00000006f2dcc0f0) 
thrown [s\src\hotspot\share\prims\jni.cpp, line 516]
Event: 6111.643 Thread 0x00000251c2625190 Exception <a 'sun/nio/fs/WindowsException'{0x00000006f2dcc758}> (0x00000006f2dcc758) 
thrown [s\src\hotspot\share\prims\jni.cpp, line 516]

VM Operations (20 events):
Event: 6112.435 Executing VM operation: G1CollectForAllocation
Event: 6112.494 Executing VM operation: G1CollectForAllocation done
Event: 6114.494 Executing VM operation: Cleanup
Event: 6114.494 Executing VM operation: Cleanup done
Event: 6114.506 Executing VM operation: G1CollectForAllocation
Event: 6114.597 Executing VM operation: G1CollectForAllocation done
Event: 6115.236 Executing VM operation: G1PauseRemark
Event: 6115.245 Executing VM operation: G1PauseRemark done
Event: 6115.536 Executing VM operation: G1PauseCleanup
Event: 6115.537 Executing VM operation: G1PauseCleanup done
Event: 6117.537 Executing VM operation: Cleanup
Event: 6117.537 Executing VM operation: Cleanup done
Event: 6119.487 Executing VM operation: G1CollectForAllocation
Event: 6119.493 Executing VM operation: G1CollectForAllocation done
Event: 6124.495 Executing VM operation: Cleanup
Event: 6124.495 Executing VM operation: Cleanup done
Event: 6124.763 Executing VM operation: G1CollectForAllocation
Event: 6124.799 Executing VM operation: G1CollectForAllocation done
Event: 6125.799 Executing VM operation: Cleanup
Event: 6125.800 Executing VM operation: Cleanup done

Memory protections (0 events):
No events

Nmethod flushes (20 events):
Event: 5746.454 Thread 0x000002514f11a530 flushing  nmethod 0x000002512d0db710
Event: 5746.455 Thread 0x000002514f11a530 flushing  nmethod 0x000002512d2d4190
Event: 5746.457 Thread 0x000002514f11a530 flushing  nmethod 0x000002512d7c2110
Event: 5746.462 Thread 0x000002514f11a530 flushing  nmethod 0x000002512e243b10
Event: 5746.464 Thread 0x000002514f11a530 flushing  nmethod 0x000002512e503a90
Event: 5746.465 Thread 0x000002514f11a530 flushing  nmethod 0x000002512e915710
Event: 5746.467 Thread 0x000002514f11a530 flushing  nmethod 0x000002512ec36110
Event: 5746.468 Thread 0x000002514f11a530 flushing  nmethod 0x000002512ece5210
Event: 5746.469 Thread 0x000002514f11a530 flushing  nmethod 0x000002512ee7e890
Event: 5746.470 Thread 0x000002514f11a530 flushing  nmethod 0x000002512f06d090
Event: 5746.471 Thread 0x000002514f11a530 flushing  nmethod 0x000002512f1bc890
Event: 5746.471 Thread 0x000002514f11a530 flushing  nmethod 0x000002512f25e210
Event: 5746.472 Thread 0x000002514f11a530 flushing  nmethod 0x000002512f283f10
Event: 5746.473 Thread 0x000002514f11a530 flushing  nmethod 0x000002512f5ac690
Event: 5746.474 Thread 0x000002514f11a530 flushing  nmethod 0x000002512f5df810
Event: 5746.476 Thread 0x000002514f11a530 flushing osr nmethod 0x000002512fb6f810
Event: 5746.476 Thread 0x000002514f11a530 flushing  nmethod 0x000002512fbb6d10
Event: 5746.477 Thread 0x000002514f11a530 flushing  nmethod 0x000002512fd11310
Event: 5746.477 Thread 0x000002514f11a530 flushing  nmethod 0x000002512fd26810
Event: 5746.478 Thread 0x000002514f11a530 flushing osr nmethod 0x000002513007da90

Events (20 events):
Event: 5676.132 Thread 0x00000251adf254a0 Thread added: 0x00000251adf24f90
Event: 5736.132 Thread 0x00000251a410e310 Thread exited: 0x00000251a410e310
Event: 5844.017 Thread 0x00000251a41115b0 Thread added: 0x00000251adf24570
Event: 5902.096 Thread 0x00000251adf24f90 Thread added: 0x00000251adf29160
Event: 5962.096 Thread 0x00000251adf24f90 Thread exited: 0x00000251adf24f90
Event: 6111.537 Thread 0x00000251adf23b50 Thread added: 0x00000251adf28740
Event: 6111.537 Thread 0x00000251adf23b50 Thread added: 0x00000251adf24f90
Event: 6111.562 Thread 0x00000251279d3b10 Thread added: 0x00000251adf28c50
Event: 6111.566 Thread 0x00000251adf25ec0 Thread added: 0x00000251adf2a5a0
Event: 6111.566 Thread 0x00000251adf23b50 Thread added: 0x00000251adf29670
Event: 6111.566 Thread 0x00000251adf23b50 Thread added: 0x00000251c2624c80
Event: 6111.569 Thread 0x000002514f11a010 Thread added: 0x0000025156c61ac0
Event: 6111.579 Thread 0x000002514f11a010 Thread added: 0x0000025156c64540
Event: 6111.598 Thread 0x00000251adf254a0 Thread added: 0x00000251c26260c0
Event: 6111.957 Thread 0x0000025156c64540 Thread exited: 0x0000025156c64540
Event: 6112.286 Thread 0x0000025156c61ac0 Thread exited: 0x0000025156c61ac0
Event: 6125.740 Thread 0x0000025155ecbac0 Thread exited: 0x0000025155ecbac0
Event: 6125.740 Thread 0x00000251279d3b10 Thread added: 0x00000251c2625bb0
Event: 6125.977 Thread 0x000002514f11a010 Thread added: 0x0000025156c61ac0
Event: 6125.985 Thread 0x000002514f11a010 Thread added: 0x000002515941b620


Dynamic libraries:
0x00007ff7ccc90000 - 0x00007ff7ccc9e000 	C:\Users\Maycon Souza\AppData\Roaming\.minecraft\runtime\java-runtime-gamma\windows\java-runtime-gamma\bin\javaw.exe
0x00007ffac92a0000 - 0x00007ffac9506000 	C:\WINDOWS\SYSTEM32\ntdll.dll
0x00007ffac84d0000 - 0x00007ffac8599000 	C:\WINDOWS\System32\KERNEL32.DLL
0x00007ffac66f0000 - 0x00007ffac6aee000 	C:\WINDOWS\System32\KERNELBASE.dll
0x00007ffac6db0000 - 0x00007ffac6efc000 	C:\WINDOWS\System32\ucrtbase.dll
0x00007ffac1110000 - 0x00007ffac1127000 	C:\Users\Maycon Souza\AppData\Roaming\.minecraft\runtime\java-runtime-gamma\windows\java-runtime-gamma\bin\jli.dll
0x00007ffac10f0000 - 0x00007ffac110d000 	C:\Users\Maycon Souza\AppData\Roaming\.minecraft\runtime\java-runtime-gamma\windows\java-runtime-gamma\bin\VCRUNTIME140.dll
0x00007ffac8200000 - 0x00007ffac83c7000 	C:\WINDOWS\System32\USER32.dll
0x00007ffac6d80000 - 0x00007ffac6da7000 	C:\WINDOWS\System32\win32u.dll
0x00007ffaa85f0000 - 0x00007ffaa8882000 	C:\WINDOWS\WinSxS\amd64_microsoft.windows.common-controls_6595b64144ccf1df_6.0.26100.8875_none_3e0d5d42e32fe9dd\COMCTL32.dll
0x00007ffac8c30000 - 0x00007ffac8c5b000 	C:\WINDOWS\System32\GDI32.dll
0x00007ffac85a0000 - 0x00007ffac8649000 	C:\WINDOWS\System32\msvcrt.dll
0x00007ffac6c50000 - 0x00007ffac6d7a000 	C:\WINDOWS\System32\gdi32full.dll
0x00007ffac64c0000 - 0x00007ffac6563000 	C:\WINDOWS\System32\msvcp_win.dll
0x00007ffac7cb0000 - 0x00007ffac7ce2000 	C:\WINDOWS\System32\IMM32.DLL
0x00007ffac10e0000 - 0x00007ffac10ec000 	C:\Users\Maycon Souza\AppData\Roaming\.minecraft\runtime\java-runtime-gamma\windows\java-runtime-gamma\bin\vcruntime140_1.dll
0x00007ffa99570000 - 0x00007ffa995fd000 	C:\Users\Maycon Souza\AppData\Roaming\.minecraft\runtime\java-runtime-gamma\windows\java-runtime-gamma\bin\msvcp140.dll
0x00007ffa57b50000 - 0x00007ffa587c2000 	C:\Users\Maycon Souza\AppData\Roaming\.minecraft\runtime\java-runtime-gamma\windows\java-runtime-gamma\bin\server\jvm.dll
0x00007ffac83d0000 - 0x00007ffac8487000 	C:\WINDOWS\System32\ADVAPI32.dll
0x00007ffac7900000 - 0x00007ffac79aa000 	C:\WINDOWS\System32\sechost.dll
0x00007ffac79b0000 - 0x00007ffac7ac8000 	C:\WINDOWS\System32\RPCRT4.dll
0x00007ffac8650000 - 0x00007ffac86d0000 	C:\WINDOWS\System32\WS2_32.dll
0x00007ffac6270000 - 0x00007ffac62ce000 	C:\WINDOWS\SYSTEM32\POWRPROF.dll
0x00007ffabf190000 - 0x00007ffabf19b000 	C:\WINDOWS\SYSTEM32\VERSION.dll
0x00007ffab5f20000 - 0x00007ffab5f56000 	C:\WINDOWS\SYSTEM32\WINMM.dll
0x00007ffac6250000 - 0x00007ffac6264000 	C:\WINDOWS\SYSTEM32\UMPDC.dll
0x00007ffac51a0000 - 0x00007ffac51bb000 	C:\WINDOWS\SYSTEM32\kernel.appcore.dll
0x00007ffac10d0000 - 0x00007ffac10da000 	C:\Users\Maycon Souza\AppData\Roaming\.minecraft\runtime\java-runtime-gamma\windows\java-runtime-gamma\bin\jimage.dll
0x00007ffac3d20000 - 0x00007ffac3f62000 	C:\WINDOWS\SYSTEM32\DBGHELP.DLL
0x00007ffac8dd0000 - 0x00007ffac9153000 	C:\WINDOWS\System32\combase.dll
0x00007ffac8c60000 - 0x00007ffac8d39000 	C:\WINDOWS\System32\OLEAUT32.dll
0x00007ffaa4300000 - 0x00007ffaa433b000 	C:\WINDOWS\SYSTEM32\dbgcore.DLL
0x00007ffac6b90000 - 0x00007ffac6c3c000 	C:\WINDOWS\System32\bcryptPrimitives.dll
0x00007ffac10a0000 - 0x00007ffac10c5000 	C:\Users\Maycon Souza\AppData\Roaming\.minecraft\runtime\java-runtime-gamma\windows\java-runtime-gamma\bin\java.dll
0x00007ffac1070000 - 0x00007ffac1088000 	C:\Users\Maycon Souza\AppData\Roaming\.minecraft\runtime\java-runtime-gamma\windows\java-runtime-gamma\bin\zip.dll
0x00007ffa85c70000 - 0x00007ffa85d46000 	C:\Users\Maycon Souza\AppData\Roaming\.minecraft\runtime\java-runtime-gamma\windows\java-runtime-gamma\bin\jsvml.dll
0x00007ffac7100000 - 0x00007ffac7892000 	C:\WINDOWS\System32\SHELL32.dll
0x00007ffac3f70000 - 0x00007ffac4802000 	C:\WINDOWS\SYSTEM32\windows.storage.dll
0x00007ffac9160000 - 0x00007ffac9257000 	C:\WINDOWS\System32\SHCORE.dll
0x00007ffac7090000 - 0x00007ffac70f7000 	C:\WINDOWS\System32\shlwapi.dll
0x00007ffac63e0000 - 0x00007ffac6409000 	C:\WINDOWS\SYSTEM32\profapi.dll
0x00007ffac1050000 - 0x00007ffac106a000 	C:\Users\Maycon Souza\AppData\Roaming\.minecraft\runtime\java-runtime-gamma\windows\java-runtime-gamma\bin\net.dll
0x00007ffabed10000 - 0x00007ffabee37000 	C:\WINDOWS\SYSTEM32\WINHTTP.dll
0x00007ffac5750000 - 0x00007ffac57bc000 	C:\WINDOWS\system32\mswsock.dll
0x00007ffaa2b80000 - 0x00007ffaa2b96000 	C:\Users\Maycon Souza\AppData\Roaming\.minecraft\runtime\java-runtime-gamma\windows\java-runtime-gamma\bin\nio.dll
0x00007ffac1040000 - 0x00007ffac1050000 	C:\Users\Maycon Souza\AppData\Roaming\.minecraft\runtime\java-runtime-gamma\windows\java-runtime-gamma\bin\verify.dll
0x00007ffaa1db0000 - 0x00007ffaa1dba000 	C:\Users\Maycon Souza\AppData\Roaming\.minecraft\runtime\java-runtime-gamma\windows\java-runtime-gamma\bin\management.dll
0x00007ffaa1da0000 - 0x00007ffaa1dab000 	C:\Users\Maycon Souza\AppData\Roaming\.minecraft\runtime\java-runtime-gamma\windows\java-runtime-gamma\bin\management_ext.dll
0x00007ffac88f0000 - 0x00007ffac88f8000 	C:\WINDOWS\System32\PSAPI.DLL
0x00007ffa8cc90000 - 0x00007ffa8cca8000 	C:\WINDOWS\system32\napinsp.dll
0x00007ffac4c00000 - 0x00007ffac4d56000 	C:\WINDOWS\SYSTEM32\DNSAPI.dll
0x00007ffac5530000 - 0x00007ffac553d000 	C:\WINDOWS\SYSTEM32\DSPARSE.dll
0x00007ffac4b70000 - 0x00007ffac4ba3000 	C:\WINDOWS\SYSTEM32\IPHLPAPI.DLL
0x00007ffac8a20000 - 0x00007ffac8a2a000 	C:\WINDOWS\System32\NSI.dll
0x00007ffa8cc70000 - 0x00007ffa8cc83000 	C:\WINDOWS\System32\winrnr.dll
0x00007ffa8cb40000 - 0x00007ffa8cb62000 	C:\WINDOWS\system32\nlansp_c.dll
0x00007ffa98ee0000 - 0x00007ffa98ef6000 	C:\WINDOWS\system32\wshbth.dll
0x00007ffabe490000 - 0x00007ffabe516000 	C:\WINDOWS\System32\fwpuclnt.dll
0x00007ffab7eb0000 - 0x00007ffab7ebb000 	C:\Windows\System32\rasadhlp.dll
0x00007ffa972f0000 - 0x00007ffa97365000 	C:\Users\Maycon Souza\AppData\Roaming\.minecraft\versions\TineTiDev\natives\lwjgl.dll
0x00007ffa99500000 - 0x00007ffa99561000 	C:\Users\Maycon Souza\AppData\Roaming\.minecraft\versions\TineTiDev\natives\glfw.dll
0x00007ffa7de50000 - 0x00007ffa7de9b000 	C:\WINDOWS\SYSTEM32\dinput8.dll
0x00007ffa27fc0000 - 0x00007ffa27fdb000 	C:\WINDOWS\SYSTEM32\xinput1_4.dll
0x00007ffac6090000 - 0x00007ffac60e1000 	C:\WINDOWS\SYSTEM32\cfgmgr32.dll
0x00007ffac6050000 - 0x00007ffac607f000 	C:\WINDOWS\SYSTEM32\DEVOBJ.dll
0x00007ffac3580000 - 0x00007ffac35af000 	C:\WINDOWS\SYSTEM32\dwmapi.dll
0x00007ffaa7290000 - 0x00007ffaa7474000 	C:\WINDOWS\SYSTEM32\inputhost.dll
0x00007ffac2c60000 - 0x00007ffac2d85000 	C:\WINDOWS\SYSTEM32\CoreMessaging.dll
0x00007ffac3200000 - 0x00007ffac32a9000 	C:\WINDOWS\system32\uxtheme.dll
0x00007ffac5a70000 - 0x00007ffac5a7c000 	C:\WINDOWS\SYSTEM32\CRYPTBASE.DLL
0x0000000180000000 - 0x00000001834b4000 	C:\Program Files (x86)\RivaTuner Statistics Server\RTSSHooks64.dll
0x00007ffac7d70000 - 0x00007ffac81f7000 	C:\WINDOWS\System32\SETUPAPI.dll
0x00007ffac8a30000 - 0x00007ffac8b8d000 	C:\WINDOWS\System32\MSCTF.dll
0x00007ffa28c40000 - 0x00007ffa28d4c000 	C:\WINDOWS\SYSTEM32\opengl32.dll
0x00007ffa28c00000 - 0x00007ffa28c2d000 	C:\WINDOWS\SYSTEM32\GLU32.dll
0x00007ffac33a0000 - 0x00007ffac33e6000 	C:\WINDOWS\SYSTEM32\dxcore.dll
0x00007ffaa9180000 - 0x00007ffaa919a000 	C:\WINDOWS\SYSTEM32\windows.staterepositorycore.dll
0x00007ffa08420000 - 0x00007ffa0b2a5000 	C:\WINDOWS\System32\DriverStore\FileRepository\nvmdi.inf_amd64_27e8d1d0ddce6875\nvoglv64.dll
0x00007ffac86e0000 - 0x00007ffac8879000 	C:\WINDOWS\System32\ole32.dll
0x00007ffac3110000 - 0x00007ffac3139000 	C:\WINDOWS\SYSTEM32\WTSAPI32.dll
0x00007ffac6570000 - 0x00007ffac66e8000 	C:\WINDOWS\System32\CRYPT32.dll
0x00007ffac5450000 - 0x00007ffac5499000 	C:\WINDOWS\SYSTEM32\SspiCli.dll
0x00007ffac5ba0000 - 0x00007ffac5bb3000 	C:\WINDOWS\SYSTEM32\msasn1.dll
0x00007ffabe890000 - 0x00007ffabe8cb000 	C:\WINDOWS\SYSTEM32\cryptnet.dll
0x00007ffac5b30000 - 0x00007ffac5b9a000 	C:\WINDOWS\SYSTEM32\wldp.dll
0x00007ffabe710000 - 0x00007ffabe889000 	C:\WINDOWS\SYSTEM32\drvstore.dll
0x00007ffac52d0000 - 0x00007ffac5306000 	C:\WINDOWS\SYSTEM32\ntmarta.dll
0x00007ffac6b00000 - 0x00007ffac6b83000 	C:\WINDOWS\System32\WINTRUST.dll
0x00007ffac84a0000 - 0x00007ffac84c0000 	C:\WINDOWS\System32\imagehlp.dll
0x00007ffac5a50000 - 0x00007ffac5a6b000 	C:\WINDOWS\System32\CRYPTSP.dll
0x00007ffac5100000 - 0x00007ffac5139000 	C:\WINDOWS\system32\rsaenh.dll
0x00007ffac63b0000 - 0x00007ffac63da000 	C:\WINDOWS\System32\bcrypt.dll
0x00007ffab8210000 - 0x00007ffabe01e000 	C:\WINDOWS\System32\DriverStore\FileRepository\nvmdi.inf_amd64_27e8d1d0ddce6875\nvgpucomp64.dll
0x00007ffa0f210000 - 0x00007ffa0f357000 	C:\WINDOWS\system32\nvspcap64.dll
0x00007ffac5dd0000 - 0x00007ffac5e31000 	C:\WINDOWS\SYSTEM32\WINSTA.dll
0x00007ffa85360000 - 0x00007ffa855b9000 	C:\Users\Maycon Souza\AppData\Roaming\.minecraft\versions\TineTiDev\natives\jemalloc.dll
0x00007ffaa3870000 - 0x00007ffaa39b7000 	C:\WINDOWS\SYSTEM32\textinputframework.dll
0x00007ffa973e0000 - 0x00007ffa9743d000 	C:\Users\Maycon Souza\AppData\Roaming\.minecraft\versions\TineTiDev\natives\lwjgl_opengl.dll
0x00007ffa8a5b0000 - 0x00007ffa8a631000 	C:\Users\Maycon Souza\AppData\Roaming\.minecraft\versions\TineTiDev\natives\lwjgl_stb.dll
0x00007ffac5810000 - 0x00007ffac5842000 	C:\WINDOWS\SYSTEM32\USERENV.dll
0x00007ffabecc0000 - 0x00007ffabecdd000 	C:\WINDOWS\SYSTEM32\dhcpcsvc6.DLL
0x00007ffabec90000 - 0x00007ffabecb5000 	C:\WINDOWS\SYSTEM32\dhcpcsvc.DLL
0x00007ffaa1d60000 - 0x00007ffaa1da0000 	C:\Users\Maycon Souza\AppData\Roaming\.minecraft\versions\TineTiDev\natives\jna13072154077130529723.dll
0x00007ffac6fd0000 - 0x00007ffac707e000 	C:\WINDOWS\System32\clbcatq.dll
0x00007ffaa8e10000 - 0x00007ffaa8e22000 	C:\WINDOWS\system32\wbem\wbemprox.dll
0x00007ffaac370000 - 0x00007ffaac3ea000 	C:\WINDOWS\SYSTEM32\wbemcomn.dll
0x00007ffaa8400000 - 0x00007ffaa8415000 	C:\WINDOWS\system32\wbem\wbemsvc.dll
0x00007ffaa7950000 - 0x00007ffaa7a43000 	C:\WINDOWS\system32\wbem\fastprox.dll
0x00007ffab7cf0000 - 0x00007ffab7d0d000 	C:\WINDOWS\SYSTEM32\amsi.dll
0x00007ffab7c40000 - 0x00007ffab7ce3000 	C:\ProgramData\Microsoft\Windows Defender\Platform\4.18.26060.3008-0\MpOav.dll
0x00007ffaab1b0000 - 0x00007ffaab208000 	C:\WINDOWS\SYSTEM32\Pdh.dll
0x00007ffaa82b0000 - 0x00007ffaa82c1000 	C:\WINDOWS\System32\perfos.dll
0x00007ffac32b0000 - 0x00007ffac32c2000 	C:\WINDOWS\SYSTEM32\pfclient.dll
0x00007ffaa1d50000 - 0x00007ffaa1d5e000 	C:\Users\Maycon Souza\AppData\Roaming\.minecraft\runtime\java-runtime-gamma\windows\java-runtime-gamma\bin\sunmscapi.dll
0x00007ffac5c90000 - 0x00007ffac5cc0000 	C:\WINDOWS\SYSTEM32\ncrypt.dll
0x00007ffac5c40000 - 0x00007ffac5c7f000 	C:\WINDOWS\SYSTEM32\NTASN1.dll
0x00007ffaa0740000 - 0x00007ffaa0749000 	C:\Users\Maycon Souza\AppData\Roaming\.minecraft\runtime\java-runtime-gamma\windows\java-runtime-gamma\bin\extnet.dll
0x00007ffaac3f0000 - 0x00007ffaac5cc000 	C:\WINDOWS\system32\urlmon.dll
0x00007ffaac0a0000 - 0x00007ffaac365000 	C:\WINDOWS\SYSTEM32\iertutil.dll
0x00007ffaac010000 - 0x00007ffaac039000 	C:\WINDOWS\SYSTEM32\srvcli.dll
0x00007ffac4b50000 - 0x00007ffac4b5d000 	C:\WINDOWS\SYSTEM32\netutils.dll
0x00007ffac0780000 - 0x00007ffac083f000 	C:\WINDOWS\SYSTEM32\mscms.dll
0x00007ffaa81f0000 - 0x00007ffaa8239000 	C:\WINDOWS\SYSTEM32\icm32.dll
0x00007ffa579c0000 - 0x00007ffa57b50000 	C:\Users\Maycon Souza\AppData\Roaming\.minecraft\runtime\java-runtime-gamma\windows\java-runtime-gamma\bin\awt.dll
0x00007ffac3040000 - 0x00007ffac30e0000 	C:\WINDOWS\SYSTEM32\apphelp.dll
0x00007ffa54d40000 - 0x00007ffa54ed7000 	C:\Users\Maycon Souza\AppData\Roaming\.minecraft\versions\TineTiDev\natives\OpenAL.dll
0x00007ffab8160000 - 0x00007ffab8206000 	C:\WINDOWS\System32\MMDevApi.dll
0x00007ffa4bda0000 - 0x00007ffa4bf13000 	C:\WINDOWS\System32\Speech\Common\sapi.dll

dbghelp: loaded successfully - version: 4.0.5 - missing functions: none
symbol engine: initialized successfully - sym options: 0x614 - pdb path: .;C:\Users\Maycon Souza\AppData\Roaming\.minecraft\runtime\java-runtime-gamma\windows\java-runtime-gamma\bin;C:\WINDOWS\SYSTEM32;C:\WINDOWS\WinSxS\amd64_microsoft.windows.common-controls_6595b64144ccf1df_6.0.26100.8875_none_3e0d5d42e32fe9dd;C:\Users\Maycon Souza\AppData\Roaming\.minecraft\runtime\java-runtime-gamma\windows\java-runtime-gamma\bin\server;C:\Users\Maycon Souza\AppData\Roaming\.minecraft\versions\TineTiDev\natives;C:\Program Files (x86)\RivaTuner Statistics Server;C:\WINDOWS\System32\DriverStore\FileRepository\nvmdi.inf_amd64_27e8d1d0ddce6875;C:\WINDOWS\system32\wbem;C:\ProgramData\Microsoft\Windows Defender\Platform\4.18.26060.3008-0;C:\WINDOWS\System32\Speech\Common

VM Arguments:
jvm_args: -Dos.name=Windows 10 -Dos.version=10.0 -XX:HeapDumpPath=MojangTricksIntelDriversForPerformance_javaw.exe_minecraft.exe.heapdump -Xss1M -Djava.library.path=C:\Users\Maycon Souza\AppData\Roaming\.minecraft\versions\TineTiDev\natives -Djna.tmpdir=C:\Users\Maycon Souza\AppData\Roaming\.minecraft\versions\TineTiDev\natives -Dorg.lwjgl.system.SharedLibraryExtractPath=C:\Users\Maycon Souza\AppData\Roaming\.minecraft\versions\TineTiDev\natives -Dio.netty.native.workdir=C:\Users\Maycon Souza\AppData\Roaming\.minecraft\versions\TineTiDev\natives -Dminecraft.launcher.brand=minecraft-launcher -Dminecraft.launcher.version=2.3.173 -Djava.net.preferIPv6Addresses=system -DignoreList=bootstraplauncher,securejarhandler,asm-commons,asm-util,asm-analysis,asm-tree,asm,JarJarFileSystems,client-extra,fmlcore,javafmllanguage,lowcodelanguage,mclanguage,forge-,TineTiDev.jar -DmergeModules=jna-5.10.0.jar,jna-platform-5.10.0.jar -DlibraryDirectory=C:\Users\Maycon Souza\AppData\Roaming\.minecraft\libraries --module-path=C:\Users\Maycon Souza\AppData\Roaming\.minecraft\libraries/cpw/mods/bootstraplauncher/1.1.2/bootstraplauncher-1.1.2.jar;C:\Users\Maycon Souza\AppData\Roaming\.minecraft\libraries/cpw/mods/securejarhandler/2.1.10/securejarhandler-2.1.10.jar;C:\Users\Maycon Souza\AppData\Roaming\.minecraft\libraries/org/ow2/asm/asm-commons/9.8/asm-commons-9.8.jar;C:\Users\Maycon Souza\AppData\Roaming\.minecraft\libraries/org/ow2/asm/asm-util/9.8/asm-util-9.8.jar;C:\Users\Maycon Souza\AppData\Roaming\.minecraft\libraries/org/ow2/asm/asm-analysis/9.8/asm-analysis-9.8.jar;C:\Users\Maycon Souza\AppData\Roaming\.minecraft\libraries/org/ow2/asm/asm-tree/9.8/asm-tree-9.8.jar;C:\Users\Maycon Souza\AppData\Roaming\.minecraft\libraries/org/ow2/asm/asm/9.8/asm-9.8.jar;C:\Users\Maycon Souza\AppData\Roaming\.minecraft\libraries/net/minecraftforge/JarJarFileSystems/0.3.19/JarJarFileSystems-0.3.19.jar --add-modules=ALL-MODULE-PATH --add-opens=java.base/java.util.jar=cpw.mods.securejarhandler --add-opens=java.base/java.lang.invoke=cpw.mods.securejarhandler --add-exports=java.base/sun.security.util=cpw.mods.securejarhandler --add-exports=jdk.naming.dns/com.sun.jndi.dns=java.naming -Xmx6808M -XX:+UnlockExperimentalVMOptions -XX:+UseG1GC -XX:G1NewSizePercent=20 -XX:G1ReservePercent=20 -XX:MaxGCPauseMillis=50 -XX:G1HeapRegionSize=32M -Dfml.ignoreInvalidMinecraftCertificates=true -Dfml.ignorePatchDiscrepancies=true -Djava.net.preferIPv4Stack=true -Dminecraft.applet.TargetDirectory=C:\Users\Maycon Souza\AppData\Roaming\.minecraft\versions\TineTiDev -DlibraryDirectory=C:\Users\Maycon Souza\AppData\Roaming\.minecraft\libraries -Dcountry=BR -Dlog4j.configurationFile=C:\Users\Maycon Souza\AppData\Roaming\.minecraft\assets\log_configs\client-1.12.xml -DLibLoader.modsFolder=C:\Users\Maycon Souza\AppData\Roaming\.minecraft\versions\TineTiDev\mods 
java_command: cpw.mods.bootstraplauncher.BootstrapLauncher --username maycon2 --version TineTiDev --gameDir C:\Users\Maycon Souza\AppData\Roaming\.minecraft\versions\TineTiDev --assetsDir C:\Users\Maycon Souza\AppData\Roaming\.minecraft\assets --assetIndex 5 --uuid 1088f583a5ac4c109f3d28db9b781e4f --accessToken null --clientId null --xuid null --userType mojang --versionType modified --width 925 --height 530 --launchTarget forgeclient --fml.forgeVersion 47.4.10 --fml.mcVersion 1.20.1 --fml.forgeGroup net.minecraftforge --fml.mcpVersion 20230612.114412
java_class_path (initial): C:\Users\Maycon Souza\AppData\Roaming\.minecraft\libraries\cpw\mods\securejarhandler\2.1.10\securejarhandler-2.1.10.jar;C:\Users\Maycon Souza\AppData\Roaming\.minecraft\libraries\org\ow2\asm\asm\9.8\asm-9.8.jar;C:\Users\Maycon Souza\AppData\Roaming\.minecraft\libraries\org\ow2\asm\asm-commons\9.8\asm-commons-9.8.jar;C:\Users\Maycon Souza\AppData\Roaming\.minecraft\libraries\org\ow2\asm\asm-tree\9.8\asm-tree-9.8.jar;C:\Users\Maycon Souza\AppData\Roaming\.minecraft\libraries\org\ow2\asm\asm-util\9.8\asm-util-9.8.jar;C:\Users\Maycon Souza\AppData\Roaming\.minecraft\libraries\org\ow2\asm\asm-analysis\9.8\asm-analysis-9.8.jar;C:\Users\Maycon Souza\AppData\Roaming\.minecraft\libraries\net\minecraftforge\accesstransformers\8.0.4\accesstransformers-8.0.4.jar;C:\Users\Maycon Souza\AppData\Roaming\.minecraft\libraries\org\antlr\antlr4-runtime\4.9.1\antlr4-runtime-4.9.1.jar;C:\Users\Maycon Souza\AppData\Roaming\.minecraft\libraries\net\minecraftforge\eventbus\6.0.5\eventbus-6.0.5.jar;C:\Users\Maycon Souza\AppData\Roaming\.minecraft\libraries\net\minecraftforge\forgespi\7.0.1\forgespi-7.0.1.jar;C:\Users\Maycon Souza\AppData\Roaming\.minecraft\libraries\net\minecraftforge\coremods\5.2.4\coremods-5.2.4.jar;C:\Users\Maycon Souza\AppData\Roaming\.minecraft\libraries\cpw\mods\modlauncher\10.0.9\modlauncher-10.0.9.jar;C:\Users\Maycon Souza\AppData\Roaming\.minecraft\libraries\net\minecraftforge\unsafe\0.2.0\unsafe-0.2.0.jar;C:\Users\Maycon Souza\AppData\Roaming\.minecraft\libraries\net\minecraftforge\mergetool\1.1.5\mergetool-1.1.5-api.jar;C:\Users\Maycon Souza\AppData\Roaming\.minecraft\libraries\com\electronwill\night-config\core\3.6.4\core-3.6.4.jar;C:\Users\Maycon Souza\AppData\Roaming\.minecraft\libraries\com\electronwill\night-config\toml\3.6.4\toml-3.6.4.jar;C:\Users\Maycon Souza\AppData\Roaming\.minecraft\libraries\org\apache\maven\maven-artifact\3.8.5\maven-artifact-3.8.5.jar;C:\Users\Maycon Souza\AppData\Roaming\.minecraft\libraries\net\jodah\ty
Launcher Type: SUN_STANDARD

[Global flags]
     intx CICompilerCount                          = 4                                         {product} {ergonomic}
     uint ConcGCThreads                            = 3                                         {product} {ergonomic}
     uint G1ConcRefinementThreads                  = 10                                        {product} {ergonomic}
     uint G1EagerReclaimRemSetThreshold            = 256                                  {experimental} {ergonomic}
   size_t G1HeapRegionSize                         = 33554432                                  {product} {command line}
    uintx G1NewSizePercent                         = 20                                   {experimental} {command line}
    uintx G1ReservePercent                         = 20                                        {product} {command line}
    uintx GCDrainStackTargetSize                   = 64                                        {product} {ergonomic}
    ccstr HeapDumpPath                             = MojangTricksIntelDriversForPerformance_javaw.exe_minecraft.exe.heapdump         {manageable} {command line}
   size_t InitialHeapSize                          = 268435456                                 {product} {ergonomic}
   size_t MarkStackSize                            = 4194304                                   {product} {ergonomic}
    uintx MaxGCPauseMillis                         = 50                                        {product} {command line}
   size_t MaxHeapSize                              = 7147094016                                {product} {command line, ergonomic}
   size_t MaxNewSize                               = 4261412864                                {product} {ergonomic}
   size_t MinHeapDeltaBytes                        = 33554432                                  {product} {ergonomic}
   size_t MinHeapSize                              = 33554432                                  {product} {ergonomic}
    uintx NonNMethodCodeHeapSize                   = 5839372                                {pd product} {ergonomic}
    uintx NonProfiledCodeHeapSize                  = 122909434                              {pd product} {ergonomic}
    uintx ProfiledCodeHeapSize                     = 122909434                              {pd product} {ergonomic}
    uintx ReservedCodeCacheSize                    = 251658240                              {pd product} {ergonomic}
     bool SegmentedCodeCache                       = true                                      {product} {ergonomic}
   size_t SoftMaxHeapSize                          = 7147094016                             {manageable} {ergonomic}
     intx ThreadStackSize                          = 1024                                   {pd product} {command line}
     bool UnlockExperimentalVMOptions              = true                                 {experimental} {command line}
     bool UseCompressedClassPointers               = true                           {product lp64_product} {ergonomic}
     bool UseCompressedOops                        = true                           {product lp64_product} {ergonomic}
     bool UseG1GC                                  = true                                      {product} {command line}
     bool UseLargePagesIndividualAllocation        = false                                  {pd product} {ergonomic}

Logging:
Log output configuration:
 #0: stdout all=warning uptime,level,tags
 #1: stderr all=off uptime,level,tags

Environment Variables:
PATH=C:\ProgramData\Oracle\Java\javapath;C:\Program Files (x86)\Common Files\Oracle\Java\javapath;C:\WINDOWS\system32;C:\WINDOWS;C:\WINDOWS\System32\Wbem;C:\WINDOWS\System32\WindowsPowerShell\v1.0\;C:\WINDOWS\System32\OpenSSH\;C:\Program Files (x86)\NVIDIA Corporation\PhysX\Common;C:\Program Files\NVIDIA Corporation\NVIDIA app\NvDLISR;C:\Program Files\Microsoft SQL Server\150\Tools\Binn\;C:\Program Files\Git\cmd;C:\Users\Maycon Souza\AppData\Local\Microsoft\WindowsApps;C:\Users\Maycon Souza\AppData\Local\Programs\Microsoft VS Code\bin;C:\Users\Maycon Souza\AppData\Local\GitHubDesktop\bin;;C:\Program Files\Java\jre1.8.0_51\bin
USERNAME=Maycon Souza
OS=Windows_NT
PROCESSOR_IDENTIFIER=AMD64 Family 25 Model 80 Stepping 0, AuthenticAMD
TMP=C:\Users\MAYCON~1\AppData\Local\Temp
TEMP=C:\Users\MAYCON~1\AppData\Local\Temp



Periodic native trim disabled


---------------  S Y S T E M  ---------------

OS:
 Windows 11 , 64 bit Build 26100 (10.0.26100.8875)
OS uptime: 0 days 2:00 hours

CPU: total 12 (initial active 12) (12 cores per cpu, 2 threads per core) family 25 model 80 stepping 0 microcode 0xa500014, cx8, cmov, fxsr, ht, mmx, 3dnowpref, sse, sse2, sse3, ssse3, sse4a, sse4.1, sse4.2, popcnt, lzcnt, tsc, tscinvbit, avx, avx2, aes, erms, clmul, bmi1, bmi2, adx, sha, fma, vzeroupper, clflush, clflushopt
Processor Information for the first 12 processors :
  Max Mhz: 3600, Current Mhz: 3600, Mhz Limit: 3600

Memory: 4k page, system-wide physical 16252M (1005M free)
TotalPageFile size 35708M (AvailPageFile size 4155M)
current process WorkingSet (physical memory assigned to process): 4347M, peak: 4722M
current process commit charge ("private bytes"): 6412M, peak: 6414M

vm_info: OpenJDK 64-Bit Server VM (17.0.15+6-LTS) for windows-amd64 JRE (17.0.15+6-LTS), built on Apr  9 2025 22:27:25 by "MicrosoftCorporation" with unknown MS VC++:1939

END.
