[13:47:42] [main/INFO]: ModLauncher running: args [--username, maycon2, --version, TineTiDev, --gameDir, C:\Users\Maycon Souza\AppData\Roaming\.minecraft\versions\TineTiDev, --assetsDir, C:\Users\Maycon Souza\AppData\Roaming\.minecraft\assets, --assetIndex, 5, --uuid, 1088f583a5ac4c109f3d28db9b781e4f, --accessToken, ????????, --clientId, null, --xuid, null, --userType, mojang, --versionType, modified, --width, 925, --height, 530, --launchTarget, forgeclient, --fml.forgeVersion, 47.4.10, --fml.mcVersion, 1.20.1, --fml.forgeGroup, net.minecraftforge, --fml.mcpVersion, 20230612.114412]
[13:47:42] [main/INFO]: ModLauncher 10.0.9+10.0.9+main.dcd20f30 starting: java version 17.0.15 by Microsoft; OS Windows 10 arch amd64 version 10.0
[13:47:43] [main/INFO]: Loading ImmediateWindowProvider fmlearlywindow
[13:47:43] [main/INFO]: Trying GL version 4.6
[13:47:43] [main/INFO]: Requested GL version 4.6 got version 4.6
[13:47:43] [main/INFO]: OptiFineTransformationService.onLoad
[13:47:43] [main/INFO]: OptiFine ZIP file URL: union:/C:/Users/Maycon%20Souza/AppData/Roaming/.minecraft/versions/TineTiDev/mods/preview_OptiFine_1.20.1_HD_U_I6_pre6.jar%23199!/
[13:47:43] [main/INFO]: OptiFine ZIP file: C:\Users\Maycon Souza\AppData\Roaming\.minecraft\versions\TineTiDev\mods\preview_OptiFine_1.20.1_HD_U_I6_pre6.jar
[13:47:43] [main/INFO]: Target.PRE_CLASS is available
[13:47:43] [main/INFO]: SpongePowered MIXIN Subsystem Version=0.8.5 Source=union:/C:/Users/Maycon%20Souza/AppData/Roaming/.minecraft/libraries/org/spongepowered/mixin/0.8.5/mixin-0.8.5.jar%23100!/ Service=ModLauncher Env=CLIENT
[13:47:43] [main/INFO]: OptiFineTransformationService.initialize
[13:47:43] [pool-2-thread-1/INFO]: GL info: NVIDIA GeForce RTX 5050/PCIe/SSE2 GL version 4.6.0 NVIDIA 610.74, NVIDIA Corporation
[13:47:44] [main/INFO]: Found mod file architectury-9.2.14-forge.jar of type MOD with provider {mods folder locator at C:\Users\Maycon Souza\AppData\Roaming\.minecraft\versions\TineTiDev\mods}
[13:47:44] [main/INFO]: Found mod file ars_nouveau-1.20.1-4.12.6-all.jar of type MOD with provider {mods folder locator at C:\Users\Maycon Souza\AppData\Roaming\.minecraft\versions\TineTiDev\mods}
[13:47:44] [main/INFO]: Found mod file avaritialite-forge-1.20.1-1.10.2.jar of type MOD with provider {mods folder locator at C:\Users\Maycon Souza\AppData\Roaming\.minecraft\versions\TineTiDev\mods}
[13:47:44] [main/INFO]: Found mod file avaritialiteextended-forge-1.20.1-1.0.1.jar of type MOD with provider {mods folder locator at C:\Users\Maycon Souza\AppData\Roaming\.minecraft\versions\TineTiDev\mods}
[13:47:44] [main/INFO]: Found mod file balm-forge-1.20.1-7.3.10-all.jar of type MOD with provider {mods folder locator at C:\Users\Maycon Souza\AppData\Roaming\.minecraft\versions\TineTiDev\mods}
[13:47:44] [main/INFO]: Found mod file bettercombat-forge-1.8.6+1.20.1.jar of type MOD with provider {mods folder locator at C:\Users\Maycon Souza\AppData\Roaming\.minecraft\versions\TineTiDev\mods}
[13:47:44] [main/INFO]: Found mod file Botania-1.20.1-446-FORGE.jar of type MOD with provider {mods folder locator at C:\Users\Maycon Souza\AppData\Roaming\.minecraft\versions\TineTiDev\mods}
[13:47:44] [main/INFO]: Found mod file Botania-1.20.1-451-FORGE.jar of type MOD with provider {mods folder locator at C:\Users\Maycon Souza\AppData\Roaming\.minecraft\versions\TineTiDev\mods}
[13:47:44] [main/INFO]: Found mod file cloth-config-11.1.136-forge.jar of type MOD with provider {mods folder locator at C:\Users\Maycon Souza\AppData\Roaming\.minecraft\versions\TineTiDev\mods}
[13:47:44] [main/INFO]: Found mod file constructionwand-1.20.1-2.11.jar of type MOD with provider {mods folder locator at C:\Users\Maycon Souza\AppData\Roaming\.minecraft\versions\TineTiDev\mods}
[13:47:44] [main/INFO]: Found mod file create-1.20.1-0.5.1.j.jar of type MOD with provider {mods folder locator at C:\Users\Maycon Souza\AppData\Roaming\.minecraft\versions\TineTiDev\mods}
[13:47:44] [main/INFO]: Found mod file createdieselgenerators-1.20.1-1.2i.jar of type MOD with provider {mods folder locator at C:\Users\Maycon Souza\AppData\Roaming\.minecraft\versions\TineTiDev\mods}
[13:47:44] [main/INFO]: Found mod file Cucumber-1.20.1-7.0.13.jar of type MOD with provider {mods folder locator at C:\Users\Maycon Souza\AppData\Roaming\.minecraft\versions\TineTiDev\mods}
[13:47:44] [main/INFO]: Found mod file curios-forge-5.11.0+1.20.1.jar of type MOD with provider {mods folder locator at C:\Users\Maycon Souza\AppData\Roaming\.minecraft\versions\TineTiDev\mods}
[13:47:44] [main/INFO]: Found mod file curios-forge-5.14.1+1.20.1.jar of type MOD with provider {mods folder locator at C:\Users\Maycon Souza\AppData\Roaming\.minecraft\versions\TineTiDev\mods}
[13:47:44] [main/INFO]: Found mod file dg_js-1.20.1-1.1.0.jar of type MOD with provider {mods folder locator at C:\Users\Maycon Souza\AppData\Roaming\.minecraft\versions\TineTiDev\mods}
[13:47:44] [main/INFO]: Found mod file dummmmmmy-1.20-2.0.9.jar of type MOD with provider {mods folder locator at C:\Users\Maycon Souza\AppData\Roaming\.minecraft\versions\TineTiDev\mods}
[13:47:44] [main/INFO]: Found mod file ExtendedCrafting-1.20.1-6.0.7.jar of type MOD with provider {mods folder locator at C:\Users\Maycon Souza\AppData\Roaming\.minecraft\versions\TineTiDev\mods}
[13:47:44] [main/INFO]: Found mod file jei-1.20.1-forge-15.20.0.105.jar of type MOD with provider {mods folder locator at C:\Users\Maycon Souza\AppData\Roaming\.minecraft\versions\TineTiDev\mods}
[13:47:44] [main/INFO]: Found mod file kubejs-create-forge-2001.2.5-build.2.jar of type MOD with provider {mods folder locator at C:\Users\Maycon Souza\AppData\Roaming\.minecraft\versions\TineTiDev\mods}
[13:47:44] [main/INFO]: Found mod file kubejs-forge-2001.6.5-build.16.jar of type MOD with provider {mods folder locator at C:\Users\Maycon Souza\AppData\Roaming\.minecraft\versions\TineTiDev\mods}
[13:47:44] [main/INFO]: Found mod file kubejs_extended_crafting-2001.5.jar of type MOD with provider {mods folder locator at C:\Users\Maycon Souza\AppData\Roaming\.minecraft\versions\TineTiDev\mods}
[13:47:44] [main/INFO]: Found mod file kubejsadditions-forge-4.3.3.jar of type MOD with provider {mods folder locator at C:\Users\Maycon Souza\AppData\Roaming\.minecraft\versions\TineTiDev\mods}
[13:47:44] [main/INFO]: Found mod file kubejsadditions-forge-4.3.4.jar of type MOD with provider {mods folder locator at C:\Users\Maycon Souza\AppData\Roaming\.minecraft\versions\TineTiDev\mods}
[13:47:44] [main/INFO]: Found mod file kubejsarsnouveau-1.2.2.jar of type MOD with provider {mods folder locator at C:\Users\Maycon Souza\AppData\Roaming\.minecraft\versions\TineTiDev\mods}
[13:47:44] [main/INFO]: Found mod file kubejspowah-1.2.1.jar of type MOD with provider {mods folder locator at C:\Users\Maycon Souza\AppData\Roaming\.minecraft\versions\TineTiDev\mods}
[13:47:44] [main/INFO]: Found mod file mahou_tsukai_combat-1.0.2-forge-1.20.1.jar of type MOD with provider {mods folder locator at C:\Users\Maycon Souza\AppData\Roaming\.minecraft\versions\TineTiDev\mods}
[13:47:44] [main/INFO]: Found mod file mahoutsukai-1.20.1-v1.34.78.jar of type MOD with provider {mods folder locator at C:\Users\Maycon Souza\AppData\Roaming\.minecraft\versions\TineTiDev\mods}
[13:47:44] [main/INFO]: Found mod file mekamod-1.20.1-2.0.1.jar of type MOD with provider {mods folder locator at C:\Users\Maycon Souza\AppData\Roaming\.minecraft\versions\TineTiDev\mods}
[13:47:44] [main/INFO]: Found mod file Mekanism-1.20.1-10.4.12.68.jar of type MOD with provider {mods folder locator at C:\Users\Maycon Souza\AppData\Roaming\.minecraft\versions\TineTiDev\mods}
[13:47:44] [main/INFO]: Found mod file moonlight-1.20-2.16.28-forge.jar of type MOD with provider {mods folder locator at C:\Users\Maycon Souza\AppData\Roaming\.minecraft\versions\TineTiDev\mods}
[13:47:44] [main/INFO]: Found mod file Patchouli-1.20.1-84-FORGE.jar of type MOD with provider {mods folder locator at C:\Users\Maycon Souza\AppData\Roaming\.minecraft\versions\TineTiDev\mods}
[13:47:44] [main/INFO]: Found mod file Patchouli-1.20.1-85-FORGE.jar of type MOD with provider {mods folder locator at C:\Users\Maycon Souza\AppData\Roaming\.minecraft\versions\TineTiDev\mods}
[13:47:44] [main/INFO]: Found mod file player-animation-lib-forge-1.0.2-rc1+1.20.jar of type MOD with provider {mods folder locator at C:\Users\Maycon Souza\AppData\Roaming\.minecraft\versions\TineTiDev\mods}
[13:47:44] [main/INFO]: Found mod file Powah-5.0.7.jar of type MOD with provider {mods folder locator at C:\Users\Maycon Souza\AppData\Roaming\.minecraft\versions\TineTiDev\mods}
[13:47:44] [main/INFO]: Found mod file powerful_dummy-20-0.0.9.jar of type MOD with provider {mods folder locator at C:\Users\Maycon Souza\AppData\Roaming\.minecraft\versions\TineTiDev\mods}
[13:47:44] [main/INFO]: Found mod file rhino-forge-2001.2.3-build.10.jar of type MOD with provider {mods folder locator at C:\Users\Maycon Souza\AppData\Roaming\.minecraft\versions\TineTiDev\mods}
[13:47:44] [main/INFO]: Found mod file rhino-forge-2001.2.3-build.6.jar of type MOD with provider {mods folder locator at C:\Users\Maycon Souza\AppData\Roaming\.minecraft\versions\TineTiDev\mods}
[13:47:44] [main/INFO]: Found mod file targetdummy-1.0.0.jar of type MOD with provider {mods folder locator at C:\Users\Maycon Souza\AppData\Roaming\.minecraft\versions\TineTiDev\mods}
[13:47:44] [main/INFO]: Found mod file tl_skin_cape_forge_1.20_1.20.1-1.32.jar of type MOD with provider {mods folder locator at C:\Users\Maycon Souza\AppData\Roaming\.minecraft\versions\TineTiDev\mods}
[13:47:44] [main/INFO]: Found mod file waystones-forge-1.20-14.1.6.jar of type MOD with provider {mods folder locator at C:\Users\Maycon Souza\AppData\Roaming\.minecraft\versions\TineTiDev\mods}
[13:47:44] [main/INFO]: Found mod file worldedit-mod-7.2.15.jar of type MOD with provider {mods folder locator at C:\Users\Maycon Souza\AppData\Roaming\.minecraft\versions\TineTiDev\mods}
[13:47:44] [main/WARN]: Mod file C:\Users\Maycon Souza\AppData\Roaming\.minecraft\libraries\net\minecraftforge\fmlcore\1.20.1-47.4.10\fmlcore-1.20.1-47.4.10.jar is missing mods.toml file
[13:47:44] [main/WARN]: Mod file C:\Users\Maycon Souza\AppData\Roaming\.minecraft\libraries\net\minecraftforge\javafmllanguage\1.20.1-47.4.10\javafmllanguage-1.20.1-47.4.10.jar is missing mods.toml file
[13:47:44] [main/WARN]: Mod file C:\Users\Maycon Souza\AppData\Roaming\.minecraft\libraries\net\minecraftforge\lowcodelanguage\1.20.1-47.4.10\lowcodelanguage-1.20.1-47.4.10.jar is missing mods.toml file
[13:47:44] [main/WARN]: Mod file C:\Users\Maycon Souza\AppData\Roaming\.minecraft\libraries\net\minecraftforge\mclanguage\1.20.1-47.4.10\mclanguage-1.20.1-47.4.10.jar is missing mods.toml file
[13:47:44] [main/INFO]: Found mod file fmlcore-1.20.1-47.4.10.jar of type LIBRARY with provider net.minecraftforge.fml.loading.moddiscovery.MinecraftLocator@2b8bd14b
[13:47:44] [main/INFO]: Found mod file javafmllanguage-1.20.1-47.4.10.jar of type LANGPROVIDER with provider net.minecraftforge.fml.loading.moddiscovery.MinecraftLocator@2b8bd14b
[13:47:44] [main/INFO]: Found mod file lowcodelanguage-1.20.1-47.4.10.jar of type LANGPROVIDER with provider net.minecraftforge.fml.loading.moddiscovery.MinecraftLocator@2b8bd14b
[13:47:44] [main/INFO]: Found mod file mclanguage-1.20.1-47.4.10.jar of type LANGPROVIDER with provider net.minecraftforge.fml.loading.moddiscovery.MinecraftLocator@2b8bd14b
[13:47:44] [main/INFO]: Found mod file client-1.20.1-20230612.114412-srg.jar of type MOD with provider net.minecraftforge.fml.loading.moddiscovery.MinecraftLocator@2b8bd14b
[13:47:44] [main/INFO]: Found mod file forge-1.20.1-47.4.10-universal.jar of type MOD with provider net.minecraftforge.fml.loading.moddiscovery.MinecraftLocator@2b8bd14b
[13:47:44] [main/WARN]: Attempted to select two dependency jars from JarJar which have the same identification: Mod File:  and Mod File: . Using Mod File: 
[13:47:44] [main/INFO]: Found 9 dependencies adding them to mods collection
[13:47:44] [main/INFO]: Found mod file MixinSquared-0.1.1.jar of type GAMELIBRARY with provider net.minecraftforge.fml.loading.moddiscovery.JarInJarDependencyLocator@fca387
[13:47:44] [main/INFO]: Found mod file MixinExtras-0.3.6.jar of type GAMELIBRARY with provider net.minecraftforge.fml.loading.moddiscovery.JarInJarDependencyLocator@fca387
[13:47:44] [main/INFO]: Found mod file kuma-api-forge-20.1.9-SNAPSHOT.jar of type MOD with provider net.minecraftforge.fml.loading.moddiscovery.JarInJarDependencyLocator@fca387
[13:47:44] [main/INFO]: Found mod file mclib-20.jar of type GAMELIBRARY with provider net.minecraftforge.fml.loading.moddiscovery.JarInJarDependencyLocator@fca387
[13:47:44] [main/INFO]: Found mod file mixinextras-forge-0.3.6.jar of type GAMELIBRARY with provider net.minecraftforge.fml.loading.moddiscovery.JarInJarDependencyLocator@fca387
[13:47:44] [main/INFO]: Found mod file flywheel-forge-1.20.1-0.6.11-13.jar of type MOD with provider net.minecraftforge.fml.loading.moddiscovery.JarInJarDependencyLocator@fca387
[13:47:44] [main/INFO]: Found mod file mixinsquared-forge-0.1.1.jar of type GAMELIBRARY with provider net.minecraftforge.fml.loading.moddiscovery.JarInJarDependencyLocator@fca387
[13:47:44] [main/INFO]: Found mod file geckolib-forge-1.20.1-4.4.4.jar of type MOD with provider net.minecraftforge.fml.loading.moddiscovery.JarInJarDependencyLocator@fca387
[13:47:44] [main/INFO]: Found mod file Registrate-MC1.20-1.3.3.jar of type GAMELIBRARY with provider net.minecraftforge.fml.loading.moddiscovery.JarInJarDependencyLocator@fca387
[13:47:45] [main/INFO]: OptiFineTransformationService.transformers
[13:47:45] [main/INFO]: Targets: 412
[13:47:45] [main/INFO]: additionalClassesLocator: [optifine., net.optifine.]
[13:47:46] [main/INFO]: Compatibility level set to JAVA_17
[13:47:46] [main/INFO]: Successfully loaded Mixin Connector [org.tlauncher.MixinConnector]
[13:47:46] [main/INFO]: Launching target 'forgeclient' with arguments [--version, TineTiDev, --gameDir, C:\Users\Maycon Souza\AppData\Roaming\.minecraft\versions\TineTiDev, --assetsDir, C:\Users\Maycon Souza\AppData\Roaming\.minecraft\assets, --uuid, 1088f583a5ac4c109f3d28db9b781e4f, --username, maycon2, --assetIndex, 5, --accessToken, ????????, --clientId, null, --xuid, null, --userType, mojang, --versionType, modified, --width, 925, --height, 530]
[13:47:46] [main/WARN]: Reference map 'kubejspowah.refmap.json' for kubejspowah.mixins.json could not be read. If this is a development environment you can ignore this message
[13:47:48] [main/WARN]: Error loading class: mezz/modnametooltip/TooltipEventHandler (java.lang.ClassNotFoundException: mezz.modnametooltip.TooltipEventHandler)
[13:47:48] [main/WARN]: Error loading class: me/shedaniel/rei/impl/client/ClientHelperImpl (java.lang.ClassNotFoundException: me.shedaniel.rei.impl.client.ClientHelperImpl)
[13:47:48] [main/INFO]: Initializing MixinExtras via com.llamalad7.mixinextras.service.MixinExtrasServiceImpl(version=0.3.6).
[13:47:54] [Datafixer Bootstrap/INFO]: 188 Datafixer optimizations took 154 milliseconds
[13:47:56] [Render thread/WARN]: Assets URL 'union:/C:/Users/Maycon%20Souza/AppData/Roaming/.minecraft/libraries/net/minecraft/client/1.20.1-20230612.114412/client-1.20.1-20230612.114412-srg.jar%23242!/assets/.mcassetsroot' uses unexpected schema
[13:47:56] [Render thread/WARN]: Assets URL 'union:/C:/Users/Maycon%20Souza/AppData/Roaming/.minecraft/libraries/net/minecraft/client/1.20.1-20230612.114412/client-1.20.1-20230612.114412-srg.jar%23242!/data/.mcassetsroot' uses unexpected schema
[13:47:56] [Render thread/INFO]: Environment: authHost='https://authserver.mojang.com', accountsHost='https://api.mojang.com', sessionHost='https://sessionserver.mojang.com', servicesHost='https://api.minecraftservices.com', name='PROD'
[13:47:56] [Render thread/ERROR]: Failed to verify authentication
com.mojang.authlib.exceptions.InvalidCredentialsException: Status: 401
	at com.mojang.authlib.exceptions.MinecraftClientHttpException.toAuthenticationException(MinecraftClientHttpException.java:56) ~[authlib-4.0.43.1.jar%23111!/:?]
	at com.mojang.authlib.yggdrasil.YggdrasilUserApiService.fetchProperties(YggdrasilUserApiService.java:147) ~[authlib-4.0.43.1.jar%23111!/:?]
	at com.mojang.authlib.yggdrasil.YggdrasilUserApiService.<init>(YggdrasilUserApiService.java:63) ~[authlib-4.0.43.1.jar%23111!/:?]
	at com.mojang.authlib.yggdrasil.YggdrasilAuthenticationService.createUserApiService(YggdrasilAuthenticationService.java:124) ~[authlib-4.0.43.1.jar%23111!/:?]
	at net.minecraft.client.Minecraft.m_193585_(Minecraft.java:649) ~[client-1.20.1-20230612.114412-srg.jar%23242!/:?]
	at net.minecraft.client.Minecraft.<init>(Minecraft.java:413) ~[client-1.20.1-20230612.114412-srg.jar%23242!/:?]
	at net.minecraft.client.main.Main.main(Main.java:182) ~[TineTiDev.jar:?]
	at jdk.internal.reflect.NativeMethodAccessorImpl.invoke0(Native Method) ~[?:?]
	at jdk.internal.reflect.NativeMethodAccessorImpl.invoke(NativeMethodAccessorImpl.java:77) ~[?:?]
	at jdk.internal.reflect.DelegatingMethodAccessorImpl.invoke(DelegatingMethodAccessorImpl.java:43) ~[?:?]
	at java.lang.reflect.Method.invoke(Method.java:569) ~[?:?]
	at net.minecraftforge.fml.loading.targets.CommonLaunchHandler.runTarget(CommonLaunchHandler.java:111) ~[fmlloader-1.20.1-47.4.10.jar:?]
	at net.minecraftforge.fml.loading.targets.CommonLaunchHandler.clientService(CommonLaunchHandler.java:99) ~[fmlloader-1.20.1-47.4.10.jar:?]
	at net.minecraftforge.fml.loading.targets.CommonClientLaunchHandler.lambda$makeService$0(CommonClientLaunchHandler.java:25) ~[fmlloader-1.20.1-47.4.10.jar:?]
	at cpw.mods.modlauncher.LaunchServiceHandlerDecorator.launch(LaunchServiceHandlerDecorator.java:30) ~[modlauncher-10.0.9.jar:?]
	at cpw.mods.modlauncher.LaunchServiceHandler.launch(LaunchServiceHandler.java:53) ~[modlauncher-10.0.9.jar:?]
	at cpw.mods.modlauncher.LaunchServiceHandler.launch(LaunchServiceHandler.java:71) ~[modlauncher-10.0.9.jar:?]
	at cpw.mods.modlauncher.Launcher.run(Launcher.java:108) ~[modlauncher-10.0.9.jar:?]
	at cpw.mods.modlauncher.Launcher.main(Launcher.java:78) ~[modlauncher-10.0.9.jar:?]
	at cpw.mods.modlauncher.BootstrapLaunchConsumer.accept(BootstrapLaunchConsumer.java:26) ~[modlauncher-10.0.9.jar:?]
	at cpw.mods.modlauncher.BootstrapLaunchConsumer.accept(BootstrapLaunchConsumer.java:23) ~[modlauncher-10.0.9.jar:?]
	at cpw.mods.bootstraplauncher.BootstrapLauncher.main(BootstrapLauncher.java:141) ~[bootstraplauncher-1.1.2.jar:?]
Caused by: com.mojang.authlib.exceptions.MinecraftClientHttpException: Status: 401
	at com.mojang.authlib.minecraft.client.MinecraftClient.readInputStream(MinecraftClient.java:85) ~[authlib-4.0.43.1.jar%23111!/:?]
	at com.mojang.authlib.minecraft.client.MinecraftClient.get(MinecraftClient.java:48) ~[authlib-4.0.43.1.jar%23111!/:?]
	at com.mojang.authlib.yggdrasil.YggdrasilUserApiService.fetchProperties(YggdrasilUserApiService.java:122) ~[authlib-4.0.43.1.jar%23111!/:?]
	... 20 more
[13:47:56] [Render thread/INFO]: Setting user: maycon2
[13:47:57] [Render thread/INFO]: [OptiFine] (Reflector) Class not present: net.minecraft.launchwrapper.Launch
[13:47:57] [Render thread/INFO]: [OptiFine] Forge version: 47.4.10
[13:47:57] [Render thread/INFO]: [OptiFine] Forge version above 47.0.3, antialiasing disabled
[13:47:57] [Render thread/INFO]: Backend library: LWJGL version 3.3.1 build 7
[13:47:57] [Render thread/INFO]: Loaded client.properties
[13:47:57] [Render thread/WARN]: [OptiFine] (Reflector) java.lang.ClassNotFoundException: sun.misc.SharedSecrets
[13:47:57] [Render thread/WARN]: [OptiFine] (Reflector) java.lang.ClassNotFoundException: jdk.internal.misc.SharedSecrets
[13:47:57] [Render thread/WARN]: [OptiFine] (Reflector) java.lang.ClassNotFoundException: sun.misc.VM
[13:47:57] [Render thread/WARN]: [OptiFine] (Reflector) java.lang.reflect.InaccessibleObjectException: Unable to make public static long jdk.internal.misc.VM.maxDirectMemory() accessible: module java.base does not "exports jdk.internal.misc" to module net.optifine
[13:47:57] [Render thread/INFO]: [OptiFine] 
[13:47:57] [Render thread/INFO]: [OptiFine] OptiFine_1.20.1_HD_U_I6_pre6
[13:47:57] [Render thread/INFO]: [OptiFine] Build: 20230727-130058
[13:47:57] [Render thread/INFO]: [OptiFine] OS: Windows 10 (amd64) version 10.0
[13:47:57] [Render thread/INFO]: [OptiFine] Java: 17.0.15, Microsoft
[13:47:57] [Render thread/INFO]: [OptiFine] VM: OpenJDK 64-Bit Server VM (mixed mode), Microsoft
[13:47:57] [Render thread/INFO]: [OptiFine] LWJGL: 3.4.0 Win32 WGL Null EGL OSMesa VisualC DLL
[13:47:57] [Render thread/INFO]: [OptiFine] OpenGL: NVIDIA GeForce RTX 5050/PCIe/SSE2, version 4.6.0 NVIDIA 610.74, NVIDIA Corporation
[13:47:57] [Render thread/INFO]: [OptiFine] OpenGL Version: 4.6.0
[13:47:57] [Render thread/INFO]: [OptiFine] Maximum texture size: 32768x32768
[13:47:57] [VersionCheck/INFO]: [OptiFine] Checking for new version
[13:47:57] [Render thread/INFO]: [Shaders] OpenGL Version: 4.6.0 NVIDIA 610.74
[13:47:57] [Render thread/INFO]: [Shaders] Vendor:  NVIDIA Corporation
[13:47:57] [Render thread/INFO]: [Shaders] Renderer: NVIDIA GeForce RTX 5050/PCIe/SSE2
[13:47:57] [Render thread/INFO]: [Shaders] Capabilities:  2.0  2.1  3.0  3.2  4.0 
[13:47:57] [Render thread/INFO]: [Shaders] GL_MAX_DRAW_BUFFERS: 8
[13:47:57] [Render thread/INFO]: [Shaders] GL_MAX_COLOR_ATTACHMENTS: 8
[13:47:57] [Render thread/INFO]: [Shaders] GL_MAX_TEXTURE_IMAGE_UNITS: 32
[13:47:57] [Render thread/INFO]: [Shaders] Load shaders configuration.
[13:47:57] [Render thread/INFO]: [Shaders] Save shaders configuration.
[13:47:57] [Render thread/INFO]: [Shaders] No shaderpack loaded.
[13:47:57] [Render thread/INFO]: [OptiFine] [Shaders] Delayed loading of item mappings after resources are loaded
[13:47:57] [Render thread/INFO]: [OptiFine] [Shaders] Delayed loading of entity mappings after resources are loaded
[13:47:57] [VersionCheck/INFO]: [OptiFine] Version found: I6
[13:47:57] [modloading-worker-0/INFO]: Optifine detected.
[13:47:57] [modloading-worker-0/INFO]: Loaded common.properties
[13:47:57] [modloading-worker-0/INFO]: Loaded dev.properties
[13:47:57] [modloading-worker-0/INFO]: Looking for KubeJS plugins...
[13:47:57] [modloading-worker-0/INFO]: Found plugin source kubejs
[13:47:57] [modloading-worker-0/WARN]: Plugin dev.latvian.mods.kubejs.integration.forge.gamestages.GameStagesIntegration does not have required mod gamestages loaded, skipping
[13:47:57] [modloading-worker-0/INFO]: Found plugin source cucumber
[13:47:57] [modloading-worker-0/INFO]: Found plugin source kubejsadditions
[13:47:57] [modloading-worker-0/INFO]: Found plugin source kubejsarsnouveau
[13:47:57] [modloading-worker-0/INFO]: Found plugin source kubejs_create
[13:47:58] [modloading-worker-0/INFO]: Registering S2C receiver with id architectury:sync_ids
[13:47:58] [modloading-worker-0/INFO]: Registering C2S receiver with id architectury:sync_ids
[13:47:58] [modloading-worker-0/INFO]: Sending ConfigManager...
[13:47:58] [modloading-worker-0/INFO]: Sending ConfigManager took 4.486 ms
[13:47:58] [modloading-worker-0/INFO]: Forge mod loading, version 47.4.10, for MC 1.20.1 with MCP 20230612.114412
[13:47:58] [modloading-worker-0/INFO]: MinecraftForge v47.4.10 Initialized
[13:47:58] [modloading-worker-0/INFO]: Registering C2S receiver with id powah:packet
[13:47:58] [modloading-worker-0/INFO]: Found plugin source kubejspowah
[13:47:58] [modloading-worker-0/INFO]: Found plugin source kubejs_extended_crafting
[13:47:58] [modloading-worker-0/INFO]: Found plugin source dg_js
[13:47:58] [modloading-worker-0/INFO]: Done in 358.9 ms
[13:47:58] [modloading-worker-0/INFO]: Loading Rhino Minecraft remapper...
[13:47:58] [modloading-worker-0/INFO]: Rhino properties loaded.
[13:47:58] [modloading-worker-0/INFO]: Loading mappings for 1.20.1
[13:47:58] [modloading-worker-0/INFO]: Done in 0,079 s
[13:47:58] [modloading-worker-0/INFO]: Loaded script startup_scripts:armor.js in 0.107 s
[13:47:58] [modloading-worker-0/INFO]: Loaded script startup_scripts:block.js in 0.005 s
[13:47:58] [modloading-worker-0/INFO]: Loaded script startup_scripts:itens.js in 0.001 s
[13:47:58] [modloading-worker-0/INFO]: Loaded 3/3 KubeJS startup scripts in 0.453 s with 0 errors and 0 warnings
[13:47:59] [modloading-worker-0/INFO]: example.js#5: Hello, World! (Loaded client scripts)
[13:47:59] [modloading-worker-0/INFO]: Loaded script client_scripts:example.js in 0.001 s
[13:47:59] [modloading-worker-0/INFO]: Loaded 1/1 KubeJS client scripts in 0.023 s with 0 errors and 0 warnings
[13:47:59] [modloading-worker-0/INFO]: Registering C2S receiver with id kubejs:send_data_from_client
[13:47:59] [modloading-worker-0/INFO]: Registering S2C receiver with id kubejs:send_data_from_server
[13:47:59] [modloading-worker-0/INFO]: Registering S2C receiver with id kubejs:paint
[13:47:59] [modloading-worker-0/INFO]: Registering S2C receiver with id kubejs:add_stage
[13:47:59] [modloading-worker-0/INFO]: Registering S2C receiver with id kubejs:remove_stage
[13:47:59] [modloading-worker-0/INFO]: Registering S2C receiver with id kubejs:sync_stages
[13:47:59] [modloading-worker-0/INFO]: Registering C2S receiver with id kubejs:first_click
[13:47:59] [modloading-worker-0/INFO]: Registering S2C receiver with id kubejs:toast
[13:47:59] [modloading-worker-0/INFO]: Registering S2C receiver with id kubejs:reload_startup_scripts
[13:47:59] [modloading-worker-0/INFO]: Registering S2C receiver with id kubejs:display_server_errors
[13:47:59] [modloading-worker-0/INFO]: Registering S2C receiver with id kubejs:display_client_errors
[13:48:01] [Render thread/INFO]: Initialized block sets in 15ms
[13:48:03] [Render thread/INFO]: Reloading ResourceManager: vanilla, mod_resources, Moonlight Mods Dynamic Assets, KubeJS Resource Pack [assets]
[13:48:03] [Render thread/WARN]: [OptiFine] Unknown resource pack type: Moonlight Mods Dynamic Assets
[13:48:03] [Render thread/WARN]: [OptiFine] Unknown resource pack type: Moonlight Mods Dynamic Assets
[13:48:03] [Render thread/WARN]: [OptiFine] Unknown resource pack type: Moonlight Mods Dynamic Assets
[13:48:03] [Render thread/WARN]: [OptiFine] Unknown resource pack type: Moonlight Mods Dynamic Assets
[13:48:03] [Render thread/WARN]: [OptiFine] Unknown resource pack type: net.minecraftforge.resource.DelegatingPackResources: mod_resources
[13:48:03] [Render thread/WARN]: [OptiFine] Unknown resource pack type: net.minecraftforge.resource.DelegatingPackResources: mod_resources
[13:48:03] [Render thread/WARN]: [OptiFine] Unknown resource pack type: net.minecraftforge.resource.DelegatingPackResources: mod_resources
[13:48:03] [Render thread/WARN]: [OptiFine] Unknown resource pack type: net.minecraftforge.resource.DelegatingPackResources: mod_resources
[13:48:03] [Worker-Main-1/INFO]: Starting runtime resource generation for pack type CLIENT_RESOURCES with generators from mods [moonlight]: [net.mehvahdjukaar.moonlight.core.MoonlightClient$MLDynamicClientResources@61bb5650]
[13:48:03] [Worker-Main-1/INFO]: Generating runtime assets for pack Moonlight Mods Dynamic Assets (moonlight)
[13:48:03] [Render thread/INFO]: Client resource reload complete!
[13:48:03] [Worker-Main-1/INFO]: Generated runtime CLIENT_RESOURCES for pack Moonlight Mods Dynamic Assets (moonlight) in: 5 ms (multithreaded)
[13:48:03] [Worker-Main-1/INFO]: Finished runtime resources generation for 1 packs in a total of 6 ms
[13:48:03] [Render thread/INFO]: [OptiFine] *** Reflector Forge ***
[13:48:03] [Render thread/INFO]: [OptiFine] *** Reflector Vanilla ***
[13:48:03] [Thread-5/ERROR]: OpenGL API ERROR: 1282 (GL_INVALID_OPERATION error generated. Texture name does not refer to a texture object generated by OpenGL.)
java.lang.Exception: Stack trace
	at com.mojang.blaze3d.platform.GlDebug.m_84038_(GlDebug.java:180) ~[?:?]
	at org.lwjgl.opengl.GLDebugMessageCallbackI.callback(GLDebugMessageCallbackI.java:46) ~[lwjgl-opengl-3.3.1.jar%23147!/:build 7]
[13:48:03] [Render thread/INFO]: [OptiFine] *** Reloading textures ***
[13:48:03] [Render thread/INFO]: [OptiFine] Resource packs: mod_resources, Moonlight Mods Dynamic Assets
[13:48:03] [Render thread/WARN]: [OptiFine] Unknown resource pack type: net.minecraftforge.resource.DelegatingPackResources: mod_resources
[13:48:03] [Render thread/WARN]: [OptiFine] Unknown resource pack type: Moonlight Mods Dynamic Assets
[13:48:03] [Worker-Main-10/INFO]: Version 10.4.12 initializing...
[13:48:03] [Thread-5/ERROR]: OpenGL API ERROR: 1282 (GL_INVALID_OPERATION error generated. Texture name does not refer to a texture object generated by OpenGL.)
java.lang.Exception: Stack trace
	at com.mojang.blaze3d.platform.GlDebug.m_84038_(GlDebug.java:180) ~[?:?]
	at org.lwjgl.opengl.GLDebugMessageCallbackI.callback(GLDebugMessageCallbackI.java:46) ~[lwjgl-opengl-3.3.1.jar%23147!/:build 7]
[13:48:03] [Worker-Main-9/INFO]: HELLO FROM COMMON SETUP
[13:48:03] [Worker-Main-7/INFO]: Found unifont_all_no_pua-15.0.06.hex, loading
[13:48:03] [Worker-Main-11/INFO]: ConstructionWand says hello - may the odds be ever in your favor.
[13:48:03] [Worker-Main-11/INFO]: Botania integration added
[13:48:03] [Worker-Main-5/INFO]: [OptiFine] Pre-stitch: minecraft:textures/atlas/signs.png
[13:48:03] [Worker-Main-12/INFO]: [OptiFine] Pre-stitch: minecraft:textures/atlas/shield_patterns.png
[13:48:03] [Worker-Main-2/INFO]: [OptiFine] Pre-stitch: minecraft:textures/atlas/banner_patterns.png
[13:48:03] [Worker-Main-2/INFO]: [OptiFine] Multitexture: false
[13:48:03] [Worker-Main-12/INFO]: [OptiFine] Multitexture: false
[13:48:03] [Worker-Main-5/INFO]: [OptiFine] Multitexture: false
[13:48:03] [Worker-Main-10/INFO]: Fake player readout: UUID = 46e82cd0-d480-3d48-800a-77431ede078e, name = [Mekanism]
[13:48:03] [Worker-Main-10/INFO]: Mod loaded.
[13:48:03] [Worker-Main-10/INFO]: [OptiFine] Pre-stitch: minecraft:textures/atlas/armor_trims.png
[13:48:03] [Worker-Main-10/INFO]: [OptiFine] Multitexture: false
[13:48:03] [Worker-Main-5/INFO]: [OptiFine] Sprite size: 64
[13:48:03] [Worker-Main-5/INFO]: [OptiFine] Mipmap levels: 6
[13:48:04] [Worker-Main-1/INFO]: [OptiFine] Pre-stitch: minecraft:textures/atlas/blocks.png
[13:48:04] [Worker-Main-1/INFO]: [OptiFine] Multitexture: false
[13:48:04] [Worker-Main-5/INFO]: [OptiFine] Scaled too small texture: minecraft:missingno, 16 -> 64
[13:48:04] [Worker-Main-11/INFO]: [OptiFine] Pre-stitch: minecraft:textures/atlas/decorated_pot.png
[13:48:04] [Worker-Main-11/INFO]: [OptiFine] Multitexture: false
[13:48:04] [Forge Version Check/INFO]: [moonlight] Starting version check at https://api.modrinth.com/updates/moonlight/forge_updates.json
[13:48:04] [Worker-Main-12/INFO]: [OptiFine] Sprite size: 64
[13:48:04] [Worker-Main-12/INFO]: [OptiFine] Mipmap levels: 6
[13:48:04] [Worker-Main-2/INFO]: [OptiFine] Sprite size: 64
[13:48:04] [Worker-Main-2/INFO]: [OptiFine] Mipmap levels: 6
[13:48:04] [Worker-Main-12/INFO]: [OptiFine] Scaled too small texture: minecraft:missingno, 16 -> 64
[13:48:04] [Worker-Main-11/INFO]: [OptiFine] Mipmap levels: 4
[13:48:04] [Worker-Main-2/INFO]: [OptiFine] Scaled too small texture: minecraft:missingno, 16 -> 64
[13:48:04] [Worker-Main-10/INFO]: [OptiFine] Mipmap levels: 4
[13:48:04] [Worker-Main-8/INFO]: [OptiFine] Pre-stitch: minecraft:textures/atlas/chest.png
[13:48:04] [Worker-Main-8/INFO]: [OptiFine] Multitexture: false
[13:48:04] [Worker-Main-11/INFO]: [OptiFine] Pre-stitch: minecraft:textures/atlas/beds.png
[13:48:04] [Worker-Main-11/INFO]: [OptiFine] Multitexture: false
[13:48:04] [Worker-Main-6/INFO]: [OptiFine] Pre-stitch: minecraft:textures/atlas/shulker_boxes.png
[13:48:04] [Worker-Main-6/INFO]: [OptiFine] Multitexture: false
[13:48:04] [Worker-Main-8/INFO]: [OptiFine] Sprite size: 64
[13:48:04] [Worker-Main-8/INFO]: [OptiFine] Mipmap levels: 6
[13:48:04] [Worker-Main-12/INFO]: [OptiFine] Scaled too small texture: minecraft:optifine/ctm/default/empty, 16 -> 64
[13:48:04] [Worker-Main-2/INFO]: [OptiFine] Scaled too small texture: minecraft:optifine/ctm/default/empty, 16 -> 64
[13:48:04] [Worker-Main-5/INFO]: [OptiFine] Scaled too small texture: minecraft:optifine/ctm/default/empty, 16 -> 64
[13:48:04] [Worker-Main-11/INFO]: [OptiFine] Sprite size: 64
[13:48:04] [Worker-Main-11/INFO]: [OptiFine] Mipmap levels: 6
[13:48:04] [Worker-Main-8/INFO]: [OptiFine] Scaled too small texture: minecraft:missingno, 16 -> 64
[13:48:04] [Worker-Main-8/INFO]: [OptiFine] Scaled too small texture: minecraft:optifine/ctm/default/empty, 16 -> 64
[13:48:04] [Worker-Main-11/INFO]: [OptiFine] Scaled too small texture: minecraft:missingno, 16 -> 64
[13:48:04] [Worker-Main-11/INFO]: [OptiFine] Scaled too small texture: minecraft:optifine/ctm/default/empty, 16 -> 64
[13:48:04] [Worker-Main-6/INFO]: [OptiFine] Sprite size: 64
[13:48:04] [Worker-Main-6/INFO]: [OptiFine] Mipmap levels: 6
[13:48:04] [Worker-Main-8/INFO]: [OptiFine] Pre-stitch: minecraft:textures/atlas/paintings.png
[13:48:04] [Worker-Main-8/INFO]: [OptiFine] Multitexture: false
[13:48:04] [Worker-Main-11/INFO]: [OptiFine] Pre-stitch: minecraft:textures/atlas/particles.png
[13:48:04] [Worker-Main-11/INFO]: [OptiFine] Multitexture: false
[13:48:04] [Worker-Main-5/INFO]: [OptiFine] Pre-stitch: moonlight:textures/atlas/map_markers.png
[13:48:04] [Worker-Main-5/INFO]: [OptiFine] Multitexture: false
[13:48:04] [Worker-Main-2/INFO]: [OptiFine] Pre-stitch: minecraft:textures/atlas/mob_effects.png
[13:48:04] [Worker-Main-2/INFO]: [OptiFine] Multitexture: false
[13:48:04] [Worker-Main-6/INFO]: [OptiFine] Scaled too small texture: minecraft:missingno, 16 -> 64
[13:48:04] [Worker-Main-6/INFO]: [OptiFine] Scaled too small texture: minecraft:optifine/ctm/default/empty, 16 -> 64
[13:48:04] [Worker-Main-8/INFO]: [OptiFine] Pre-stitch: mekanism:textures/atlas/robit.png
[13:48:04] [Worker-Main-12/INFO]: [OptiFine] Pre-stitch: jei:textures/atlas/gui.png
[13:48:04] [Worker-Main-8/INFO]: [OptiFine] Multitexture: false
[13:48:04] [Worker-Main-12/INFO]: [OptiFine] Multitexture: false
[13:48:04] [Worker-Main-10/INFO]: [OptiFine] Scaled non power of 2: minecraft:cherry_2, 3 -> 9
[13:48:04] [Worker-Main-11/INFO]: [OptiFine] Scaled non power of 2: jei:icons/recipe_transfer, 7 -> 14
[13:48:04] [Worker-Main-10/INFO]: [OptiFine] Scaled non power of 2: minecraft:cherry_1, 3 -> 9
[13:48:04] [Worker-Main-11/INFO]: [OptiFine] Scaled non power of 2: jei:brewing_stand_arrow, 7 -> 14
[13:48:04] [Worker-Main-10/INFO]: [OptiFine] Scaled non power of 2: minecraft:cherry_0, 3 -> 9
[13:48:04] [Worker-Main-10/INFO]: [OptiFine] Scaled non power of 2: minecraft:cherry_11, 3 -> 9
[13:48:04] [Worker-Main-10/INFO]: [OptiFine] Scaled non power of 2: minecraft:cherry_10, 3 -> 9
[13:48:04] [Worker-Main-10/INFO]: [OptiFine] Scaled non power of 2: minecraft:cherry_6, 3 -> 9
[13:48:04] [Worker-Main-10/INFO]: [OptiFine] Scaled non power of 2: minecraft:cherry_5, 3 -> 9
[13:48:04] [Worker-Main-10/INFO]: [OptiFine] Scaled non power of 2: minecraft:cherry_4, 3 -> 9
[13:48:04] [Worker-Main-10/INFO]: [OptiFine] Scaled non power of 2: minecraft:cherry_3, 3 -> 9
[13:48:04] [Worker-Main-10/INFO]: [OptiFine] Scaled non power of 2: minecraft:cherry_9, 3 -> 9
[13:48:04] [Worker-Main-10/INFO]: [OptiFine] Scaled non power of 2: minecraft:cherry_8, 3 -> 9
[13:48:04] [Worker-Main-10/INFO]: [OptiFine] Scaled non power of 2: minecraft:cherry_7, 3 -> 9
[13:48:04] [Worker-Main-1/WARN]: [OptiFine] Unknown resource pack type: Moonlight Mods Dynamic Assets
[13:48:04] [Worker-Main-1/INFO]: [OptiFine] Multipass connected textures: false
[13:48:04] [Worker-Main-2/ERROR]: Failed to load model mahoutsukai:models/item/proximity_projection_keys2.json
com.google.gson.JsonParseException: Composite model requires a "children" element with at least one element.
	at net.minecraftforge.client.model.CompositeModel$Loader.read(CompositeModel.java:420) ~[forge-1.20.1-47.4.10-universal.jar%23247!/:?]
	at net.minecraftforge.client.model.CompositeModel$Loader.read(CompositeModel.java:403) ~[forge-1.20.1-47.4.10-universal.jar%23247!/:?]
	at net.minecraftforge.client.model.ExtendedBlockModelDeserializer.deserializeGeometry(ExtendedBlockModelDeserializer.java:105) ~[forge-1.20.1-47.4.10-universal.jar%23247!/:?]
	at net.minecraftforge.client.model.ExtendedBlockModelDeserializer.deserialize(ExtendedBlockModelDeserializer.java:55) ~[forge-1.20.1-47.4.10-universal.jar%23247!/:?]
	at net.minecraftforge.client.model.ExtendedBlockModelDeserializer.deserialize(ExtendedBlockModelDeserializer.java:38) ~[forge-1.20.1-47.4.10-universal.jar%23247!/:?]
	at com.google.gson.internal.bind.TreeTypeAdapter.read(TreeTypeAdapter.java:76) ~[gson-2.10.jar%23107!/:?]
	at net.minecraft.util.GsonHelper.m_13780_(GsonHelper.java:524) ~[client-1.20.1-20230612.114412-srg.jar%23242!/:?]
	at net.minecraft.util.GsonHelper.m_263475_(GsonHelper.java:531) ~[client-1.20.1-20230612.114412-srg.jar%23242!/:?]
	at net.minecraft.util.GsonHelper.m_13776_(GsonHelper.java:581) ~[client-1.20.1-20230612.114412-srg.jar%23242!/:?]
	at net.minecraft.client.renderer.block.model.BlockModel.m_111461_(BlockModel.java:74) ~[client-1.20.1-20230612.114412-srg.jar%23242!/:?]
	at net.minecraft.client.resources.model.ModelManager.m_246478_(ModelManager.java:110) ~[client-1.20.1-20230612.114412-srg.jar%23242!/:?]
	at java.util.concurrent.CompletableFuture$AsyncSupply.run(CompletableFuture.java:1768) ~[?:?]
	at java.util.concurrent.CompletableFuture$AsyncSupply.exec(CompletableFuture.java:1760) ~[?:?]
	at java.util.concurrent.ForkJoinTask.doExec(ForkJoinTask.java:373) ~[?:?]
	at java.util.concurrent.ForkJoinPool$WorkQueue.topLevelExec(ForkJoinPool.java:1182) ~[?:?]
	at java.util.concurrent.ForkJoinPool.scan(ForkJoinPool.java:1655) ~[?:?]
	at java.util.concurrent.ForkJoinPool.runWorker(ForkJoinPool.java:1622) ~[?:?]
	at java.util.concurrent.ForkJoinWorkerThread.run(ForkJoinWorkerThread.java:165) ~[?:?]
[13:48:04] [Worker-Main-1/WARN]: [OptiFine] Unknown resource pack type: net.minecraftforge.resource.DelegatingPackResources: mod_resources
[13:48:04] [Worker-Main-1/INFO]: [OptiFine] Multipass connected textures: false
[13:48:04] [Worker-Main-9/INFO]: Got request to register class com.sk89q.worldedit.forge.ForgePlatform with WorldEdit [com.sk89q.worldedit.extension.platform.PlatformManager@542b99aa]
[13:48:04] [Worker-Main-9/INFO]: WorldEdit for Forge (version 7.2.15+6463-5ca4dff) is loaded
[13:48:04] [Render thread/INFO]: Initialized color sets in 34ms
[13:48:04] [Forge Version Check/INFO]: [moonlight] Found status: OUTDATED Current: 1.20-2.16.28 Target: 1.20-2.16.34-forge
[13:48:04] [Forge Version Check/INFO]: [flywheel] Starting version check at https://api.modrinth.com/updates/flywheel/forge_updates.json
[13:48:05] [Forge Version Check/INFO]: [flywheel] Found status: BETA Current: 0.6.11-13 Target: null
[13:48:05] [Forge Version Check/INFO]: [forge] Starting version check at https://files.minecraftforge.net/net/minecraftforge/forge/promotions_slim.json
[13:48:05] [Worker-Main-1/INFO]: [OptiFine] ConnectedTextures: optifine/ctm/default/00_glass_white/glass_pane_white.properties
[13:48:05] [Worker-Main-4/INFO]: HELLO FROM CLIENT SETUP
[13:48:05] [Worker-Main-11/INFO]: Initialized HolidayManager.
[13:48:05] [Forge Version Check/INFO]: [forge] Found status: UP_TO_DATE Current: 47.4.10 Target: null
[13:48:05] [Worker-Main-1/INFO]: [OptiFine] ConnectedTextures: optifine/ctm/default/00_glass_white/glass_white.properties
[13:48:05] [Worker-Main-1/INFO]: [OptiFine] ConnectedTextures: optifine/ctm/default/01_glass_orange/glass_orange.properties
[13:48:06] [Worker-Main-2/WARN]: Exception loading blockstate definition: 'ars_nouveau:blockstates/magelight_torch.json' missing model for variant: 'ars_nouveau:magelight_torch#facing=east,floor=true,level=1,roof=true'
[13:48:06] [Worker-Main-2/WARN]: Exception loading blockstate definition: 'ars_nouveau:blockstates/magelight_torch.json' missing model for variant: 'ars_nouveau:magelight_torch#facing=east,floor=true,level=0,roof=true'
[13:48:06] [Worker-Main-2/WARN]: Exception loading blockstate definition: 'ars_nouveau:blockstates/magelight_torch.json' missing model for variant: 'ars_nouveau:magelight_torch#facing=east,floor=true,level=3,roof=true'
[13:48:06] [Worker-Main-2/WARN]: Exception loading blockstate definition: 'ars_nouveau:blockstates/magelight_torch.json' missing model for variant: 'ars_nouveau:magelight_torch#facing=north,floor=true,level=10,roof=true'
[13:48:06] [Worker-Main-2/WARN]: Exception loading blockstate definition: 'ars_nouveau:blockstates/magelight_torch.json' missing model for variant: 'ars_nouveau:magelight_torch#facing=north,floor=true,level=11,roof=true'
[13:48:06] [Worker-Main-2/WARN]: Exception loading blockstate definition: 'ars_nouveau:blockstates/magelight_torch.json' missing model for variant: 'ars_nouveau:magelight_torch#facing=north,floor=true,level=9,roof=true'
[13:48:06] [Worker-Main-2/WARN]: Exception loading blockstate definition: 'ars_nouveau:blockstates/magelight_torch.json' missing model for variant: 'ars_nouveau:magelight_torch#facing=east,floor=true,level=2,roof=true'
[13:48:06] [Worker-Main-2/WARN]: Exception loading blockstate definition: 'ars_nouveau:blockstates/magelight_torch.json' missing model for variant: 'ars_nouveau:magelight_torch#facing=east,floor=true,level=7,roof=true'
[13:48:06] [Worker-Main-2/WARN]: Exception loading blockstate definition: 'ars_nouveau:blockstates/magelight_torch.json' missing model for variant: 'ars_nouveau:magelight_torch#facing=north,floor=true,level=4,roof=true'
[13:48:06] [Worker-Main-2/WARN]: Exception loading blockstate definition: 'ars_nouveau:blockstates/magelight_torch.json' missing model for variant: 'ars_nouveau:magelight_torch#facing=east,floor=true,level=8,roof=true'
[13:48:06] [Worker-Main-2/WARN]: Exception loading blockstate definition: 'ars_nouveau:blockstates/magelight_torch.json' missing model for variant: 'ars_nouveau:magelight_torch#facing=north,floor=true,level=14,roof=true'
[13:48:06] [Worker-Main-2/WARN]: Exception loading blockstate definition: 'ars_nouveau:blockstates/magelight_torch.json' missing model for variant: 'ars_nouveau:magelight_torch#facing=east,floor=true,level=12,roof=true'
[13:48:06] [Worker-Main-2/WARN]: Exception loading blockstate definition: 'ars_nouveau:blockstates/magelight_torch.json' missing model for variant: 'ars_nouveau:magelight_torch#facing=east,floor=true,level=13,roof=true'
[13:48:06] [Worker-Main-2/WARN]: Exception loading blockstate definition: 'ars_nouveau:blockstates/magelight_torch.json' missing model for variant: 'ars_nouveau:magelight_torch#facing=north,floor=true,level=13,roof=true'
[13:48:06] [Worker-Main-2/WARN]: Exception loading blockstate definition: 'ars_nouveau:blockstates/magelight_torch.json' missing model for variant: 'ars_nouveau:magelight_torch#facing=north,floor=true,level=3,roof=true'
[13:48:06] [Worker-Main-2/WARN]: Exception loading blockstate definition: 'ars_nouveau:blockstates/magelight_torch.json' missing model for variant: 'ars_nouveau:magelight_torch#facing=east,floor=true,level=14,roof=true'
[13:48:06] [Worker-Main-2/WARN]: Exception loading blockstate definition: 'ars_nouveau:blockstates/magelight_torch.json' missing model for variant: 'ars_nouveau:magelight_torch#facing=east,floor=true,level=11,roof=true'
[13:48:06] [Worker-Main-2/WARN]: Exception loading blockstate definition: 'ars_nouveau:blockstates/magelight_torch.json' missing model for variant: 'ars_nouveau:magelight_torch#facing=north,floor=true,level=2,roof=true'
[13:48:06] [Worker-Main-2/WARN]: Exception loading blockstate definition: 'ars_nouveau:blockstates/magelight_torch.json' missing model for variant: 'ars_nouveau:magelight_torch#facing=north,floor=true,level=5,roof=true'
[13:48:06] [Worker-Main-2/WARN]: Exception loading blockstate definition: 'ars_nouveau:blockstates/magelight_torch.json' missing model for variant: 'ars_nouveau:magelight_torch#facing=east,floor=true,level=15,roof=true'
[13:48:06] [Worker-Main-2/WARN]: Exception loading blockstate definition: 'ars_nouveau:blockstates/magelight_torch.json' missing model for variant: 'ars_nouveau:magelight_torch#facing=east,floor=true,level=9,roof=true'
[13:48:06] [Worker-Main-2/WARN]: Exception loading blockstate definition: 'ars_nouveau:blockstates/magelight_torch.json' missing model for variant: 'ars_nouveau:magelight_torch#facing=north,floor=true,level=15,roof=true'
[13:48:06] [Worker-Main-2/WARN]: Exception loading blockstate definition: 'ars_nouveau:blockstates/magelight_torch.json' missing model for variant: 'ars_nouveau:magelight_torch#facing=east,floor=true,level=6,roof=true'
[13:48:06] [Worker-Main-2/WARN]: Exception loading blockstate definition: 'ars_nouveau:blockstates/magelight_torch.json' missing model for variant: 'ars_nouveau:magelight_torch#facing=north,floor=true,level=12,roof=true'
[13:48:06] [Worker-Main-2/WARN]: Exception loading blockstate definition: 'ars_nouveau:blockstates/magelight_torch.json' missing model for variant: 'ars_nouveau:magelight_torch#facing=north,floor=true,level=8,roof=true'
[13:48:06] [Worker-Main-2/WARN]: Exception loading blockstate definition: 'ars_nouveau:blockstates/magelight_torch.json' missing model for variant: 'ars_nouveau:magelight_torch#facing=north,floor=true,level=0,roof=true'
[13:48:06] [Worker-Main-2/WARN]: Exception loading blockstate definition: 'ars_nouveau:blockstates/magelight_torch.json' missing model for variant: 'ars_nouveau:magelight_torch#facing=north,floor=true,level=7,roof=true'
[13:48:06] [Worker-Main-2/WARN]: Exception loading blockstate definition: 'ars_nouveau:blockstates/magelight_torch.json' missing model for variant: 'ars_nouveau:magelight_torch#facing=east,floor=true,level=4,roof=true'
[13:48:06] [Worker-Main-2/WARN]: Exception loading blockstate definition: 'ars_nouveau:blockstates/magelight_torch.json' missing model for variant: 'ars_nouveau:magelight_torch#facing=east,floor=true,level=5,roof=true'
[13:48:06] [Worker-Main-2/WARN]: Exception loading blockstate definition: 'ars_nouveau:blockstates/magelight_torch.json' missing model for variant: 'ars_nouveau:magelight_torch#facing=north,floor=true,level=6,roof=true'
[13:48:06] [Worker-Main-2/WARN]: Exception loading blockstate definition: 'ars_nouveau:blockstates/magelight_torch.json' missing model for variant: 'ars_nouveau:magelight_torch#facing=east,floor=true,level=10,roof=true'
[13:48:06] [Worker-Main-2/WARN]: Exception loading blockstate definition: 'ars_nouveau:blockstates/magelight_torch.json' missing model for variant: 'ars_nouveau:magelight_torch#facing=north,floor=true,level=1,roof=true'
[13:48:06] [Worker-Main-1/INFO]: [OptiFine] ConnectedTextures: optifine/ctm/default/01_glass_orange/glass_pane_orange.properties
[13:48:06] [Worker-Main-1/INFO]: [OptiFine] ConnectedTextures: optifine/ctm/default/02_glass_magenta/glass_magenta.properties
[13:48:06] [Worker-Main-1/INFO]: [OptiFine] ConnectedTextures: optifine/ctm/default/02_glass_magenta/glass_pane_magenta.properties
[13:48:07] [Worker-Main-1/INFO]: [OptiFine] ConnectedTextures: optifine/ctm/default/03_glass_light_blue/glass_light_blue.properties
[13:48:07] [Worker-Main-1/INFO]: [OptiFine] ConnectedTextures: optifine/ctm/default/03_glass_light_blue/glass_pane_light_blue.properties
[13:48:07] [Worker-Main-1/INFO]: [OptiFine] ConnectedTextures: optifine/ctm/default/04_glass_yellow/glass_pane_yellow.properties
[13:48:08] [Worker-Main-1/INFO]: [OptiFine] ConnectedTextures: optifine/ctm/default/04_glass_yellow/glass_yellow.properties
[13:48:08] [Worker-Main-1/INFO]: [OptiFine] ConnectedTextures: optifine/ctm/default/05_glass_lime/glass_lime.properties
[13:48:08] [Worker-Main-1/INFO]: [OptiFine] ConnectedTextures: optifine/ctm/default/05_glass_lime/glass_pane_lime.properties
[13:48:08] [Worker-Main-1/INFO]: [OptiFine] ConnectedTextures: optifine/ctm/default/06_glass_pink/glass_pane_pink.properties
[13:48:08] [Worker-Main-1/INFO]: [OptiFine] ConnectedTextures: optifine/ctm/default/06_glass_pink/glass_pink.properties
[13:48:09] [Worker-Main-1/INFO]: [OptiFine] ConnectedTextures: optifine/ctm/default/07_glass_gray/glass_gray.properties
[13:48:09] [Worker-Main-1/INFO]: [OptiFine] ConnectedTextures: optifine/ctm/default/07_glass_gray/glass_pane_gray.properties
[13:48:09] [Worker-Main-1/INFO]: [OptiFine] ConnectedTextures: optifine/ctm/default/08_glass_light_gray/glass_light_gray.properties
[13:48:09] [Worker-Main-1/INFO]: [OptiFine] ConnectedTextures: optifine/ctm/default/08_glass_light_gray/glass_pane_light_gray.properties
[13:48:10] [Worker-Main-1/INFO]: [OptiFine] ConnectedTextures: optifine/ctm/default/09_glass_cyan/glass_cyan.properties
[13:48:10] [Worker-Main-1/INFO]: [OptiFine] ConnectedTextures: optifine/ctm/default/09_glass_cyan/glass_pane_cyan.properties
[13:48:10] [Worker-Main-1/INFO]: [OptiFine] ConnectedTextures: optifine/ctm/default/10_glass_purple/glass_pane_purple.properties
[13:48:10] [Worker-Main-1/INFO]: [OptiFine] ConnectedTextures: optifine/ctm/default/10_glass_purple/glass_purple.properties
[13:48:10] [Worker-Main-1/INFO]: [OptiFine] ConnectedTextures: optifine/ctm/default/11_glass_blue/glass_blue.properties
[13:48:11] [Worker-Main-1/INFO]: [OptiFine] ConnectedTextures: optifine/ctm/default/11_glass_blue/glass_pane_blue.properties
[13:48:11] [Worker-Main-1/INFO]: [OptiFine] ConnectedTextures: optifine/ctm/default/12_glass_brown/glass_brown.properties
[13:48:11] [Worker-Main-1/INFO]: [OptiFine] ConnectedTextures: optifine/ctm/default/12_glass_brown/glass_pane_brown.properties
[13:48:11] [Worker-Main-1/INFO]: [OptiFine] ConnectedTextures: optifine/ctm/default/13_glass_green/glass_green.properties
[13:48:11] [Worker-Main-1/INFO]: [OptiFine] ConnectedTextures: optifine/ctm/default/13_glass_green/glass_pane_green.properties
[13:48:12] [Worker-Main-1/INFO]: [OptiFine] ConnectedTextures: optifine/ctm/default/14_glass_red/glass_pane_red.properties
[13:48:12] [Worker-Main-1/INFO]: [OptiFine] ConnectedTextures: optifine/ctm/default/14_glass_red/glass_red.properties
[13:48:12] [Worker-Main-1/INFO]: [OptiFine] ConnectedTextures: optifine/ctm/default/15_glass_black/glass_black.properties
[13:48:12] [Worker-Main-1/INFO]: [OptiFine] ConnectedTextures: optifine/ctm/default/15_glass_black/glass_pane_black.properties
[13:48:13] [Worker-Main-1/INFO]: [OptiFine] ConnectedTextures: optifine/ctm/default/20_glass/glass.properties
[13:48:13] [Worker-Main-1/INFO]: [OptiFine] ConnectedTextures: optifine/ctm/default/20_glass/glass_pane.properties
[13:48:13] [Worker-Main-1/INFO]: [OptiFine] ConnectedTextures: optifine/ctm/default/21_tinted_glass/tinted_glass.properties
[13:48:13] [Worker-Main-1/INFO]: [OptiFine] ConnectedTextures: optifine/ctm/default/30_bookshelf/bookshelf.properties
[13:48:13] [Worker-Main-1/INFO]: [OptiFine] ConnectedTextures: optifine/ctm/default/40_sandstone/sandstone.properties
[13:48:13] [Worker-Main-1/INFO]: [OptiFine] ConnectedTextures: optifine/ctm/default/41_red_sandstone/red_sandstone.properties
[13:48:13] [Worker-Main-1/INFO]: [OptiFine] Multipass connected textures: false
[13:48:13] [Worker-Main-1/INFO]: [OptiFine] BetterGrass: Parsing default configuration optifine/bettergrass.properties
[13:48:18] [Worker-Main-1/INFO]: [OptiFine] Mipmap levels: 4
[13:48:18] [Worker-Main-11/WARN]: Invalid frame index on sprite kubejs:item/pomagico frame 8: 8
[13:48:18] [Worker-Main-9/ERROR]: Unable to parse metadata from avaritia:item/mask
com.google.gson.JsonParseException: com.google.gson.stream.MalformedJsonException: Use JsonReader.setLenient(true) to accept malformed JSON at line 35 column 6 path $.animation.frames[30]
	at net.minecraft.util.GsonHelper.m_13780_(GsonHelper.java:526) ~[client-1.20.1-20230612.114412-srg.jar%23242!/:?]
	at net.minecraft.util.GsonHelper.m_263475_(GsonHelper.java:531) ~[client-1.20.1-20230612.114412-srg.jar%23242!/:?]
	at net.minecraft.util.GsonHelper.m_13861_(GsonHelper.java:593) ~[client-1.20.1-20230612.114412-srg.jar%23242!/:?]
	at net.minecraft.util.GsonHelper.m_13859_(GsonHelper.java:601) ~[client-1.20.1-20230612.114412-srg.jar%23242!/:?]
	at net.minecraft.server.packs.resources.ResourceMetadata.m_215580_(ResourceMetadata.java:25) ~[client-1.20.1-20230612.114412-srg.jar%23242!/:?]
	at net.minecraft.server.packs.resources.FallbackResourceManager.m_246183_(FallbackResourceManager.java:227) ~[client-1.20.1-20230612.114412-srg.jar%23242!/:?]
	at net.minecraft.server.packs.resources.FallbackResourceManager.m_244902_(FallbackResourceManager.java:221) ~[client-1.20.1-20230612.114412-srg.jar%23242!/:?]
	at net.minecraft.server.packs.resources.Resource.m_215509_(Resource.java:55) ~[client-1.20.1-20230612.114412-srg.jar%23242!/:?]
	at net.minecraft.client.renderer.texture.SpriteLoader.m_245083_(SpriteLoader.java:228) ~[client-1.20.1-20230612.114412-srg.jar%23242!/:?]
	at net.minecraft.client.renderer.texture.atlas.SpriteSource$Output.m_261059_(SpriteSource.java:22) ~[client-1.20.1-20230612.114412-srg.jar%23242!/:?]
	at java.util.concurrent.CompletableFuture$AsyncSupply.run(CompletableFuture.java:1768) ~[?:?]
	at java.util.concurrent.CompletableFuture$AsyncSupply.exec(CompletableFuture.java:1760) ~[?:?]
	at java.util.concurrent.ForkJoinTask.doExec(ForkJoinTask.java:373) ~[?:?]
	at java.util.concurrent.ForkJoinPool$WorkQueue.topLevelExec(ForkJoinPool.java:1182) ~[?:?]
	at java.util.concurrent.ForkJoinPool.scan(ForkJoinPool.java:1655) ~[?:?]
	at java.util.concurrent.ForkJoinPool.runWorker(ForkJoinPool.java:1622) ~[?:?]
	at java.util.concurrent.ForkJoinWorkerThread.run(ForkJoinWorkerThread.java:165) ~[?:?]
Caused by: com.google.gson.stream.MalformedJsonException: Use JsonReader.setLenient(true) to accept malformed JSON at line 35 column 6 path $.animation.frames[30]
	at com.google.gson.stream.JsonReader.syntaxError(JsonReader.java:1657) ~[gson-2.10.jar%23107!/:?]
	at com.google.gson.stream.JsonReader.checkLenient(JsonReader.java:1463) ~[gson-2.10.jar%23107!/:?]
	at com.google.gson.stream.JsonReader.doPeek(JsonReader.java:569) ~[gson-2.10.jar%23107!/:?]
	at com.google.gson.stream.JsonReader.hasNext(JsonReader.java:422) ~[gson-2.10.jar%23107!/:?]
	at com.google.gson.internal.bind.TypeAdapters$28.read(TypeAdapters.java:779) ~[gson-2.10.jar%23107!/:?]
	at com.google.gson.internal.bind.TypeAdapters$28.read(TypeAdapters.java:725) ~[gson-2.10.jar%23107!/:?]
	at com.google.gson.internal.bind.TypeAdapters$34$1.read(TypeAdapters.java:1007) ~[gson-2.10.jar%23107!/:?]
	at net.minecraft.util.GsonHelper.m_13780_(GsonHelper.java:524) ~[client-1.20.1-20230612.114412-srg.jar%23242!/:?]
	... 16 more
[13:48:18] [Worker-Main-8/ERROR]: Unable to parse metadata from avaritia:item/pull_1_mask
com.google.gson.JsonParseException: com.google.gson.stream.MalformedJsonException: Use JsonReader.setLenient(true) to accept malformed JSON at line 35 column 6 path $.animation.frames[30]
	at net.minecraft.util.GsonHelper.m_13780_(GsonHelper.java:526) ~[client-1.20.1-20230612.114412-srg.jar%23242!/:?]
	at net.minecraft.util.GsonHelper.m_263475_(GsonHelper.java:531) ~[client-1.20.1-20230612.114412-srg.jar%23242!/:?]
	at net.minecraft.util.GsonHelper.m_13861_(GsonHelper.java:593) ~[client-1.20.1-20230612.114412-srg.jar%23242!/:?]
	at net.minecraft.util.GsonHelper.m_13859_(GsonHelper.java:601) ~[client-1.20.1-20230612.114412-srg.jar%23242!/:?]
	at net.minecraft.server.packs.resources.ResourceMetadata.m_215580_(ResourceMetadata.java:25) ~[client-1.20.1-20230612.114412-srg.jar%23242!/:?]
	at net.minecraft.server.packs.resources.FallbackResourceManager.m_246183_(FallbackResourceManager.java:227) ~[client-1.20.1-20230612.114412-srg.jar%23242!/:?]
	at net.minecraft.server.packs.resources.FallbackResourceManager.m_244902_(FallbackResourceManager.java:221) ~[client-1.20.1-20230612.114412-srg.jar%23242!/:?]
	at net.minecraft.server.packs.resources.Resource.m_215509_(Resource.java:55) ~[client-1.20.1-20230612.114412-srg.jar%23242!/:?]
	at net.minecraft.client.renderer.texture.SpriteLoader.m_245083_(SpriteLoader.java:228) ~[client-1.20.1-20230612.114412-srg.jar%23242!/:?]
	at net.minecraft.client.renderer.texture.atlas.SpriteSource$Output.m_261059_(SpriteSource.java:22) ~[client-1.20.1-20230612.114412-srg.jar%23242!/:?]
	at java.util.concurrent.CompletableFuture$AsyncSupply.run(CompletableFuture.java:1768) ~[?:?]
	at java.util.concurrent.CompletableFuture$AsyncSupply.exec(CompletableFuture.java:1760) ~[?:?]
	at java.util.concurrent.ForkJoinTask.doExec(ForkJoinTask.java:373) ~[?:?]
	at java.util.concurrent.ForkJoinPool$WorkQueue.topLevelExec(ForkJoinPool.java:1182) ~[?:?]
	at java.util.concurrent.ForkJoinPool.scan(ForkJoinPool.java:1655) ~[?:?]
	at java.util.concurrent.ForkJoinPool.runWorker(ForkJoinPool.java:1622) ~[?:?]
	at java.util.concurrent.ForkJoinWorkerThread.run(ForkJoinWorkerThread.java:165) ~[?:?]
Caused by: com.google.gson.stream.MalformedJsonException: Use JsonReader.setLenient(true) to accept malformed JSON at line 35 column 6 path $.animation.frames[30]
	at com.google.gson.stream.JsonReader.syntaxError(JsonReader.java:1657) ~[gson-2.10.jar%23107!/:?]
	at com.google.gson.stream.JsonReader.checkLenient(JsonReader.java:1463) ~[gson-2.10.jar%23107!/:?]
	at com.google.gson.stream.JsonReader.doPeek(JsonReader.java:569) ~[gson-2.10.jar%23107!/:?]
	at com.google.gson.stream.JsonReader.hasNext(JsonReader.java:422) ~[gson-2.10.jar%23107!/:?]
	at com.google.gson.internal.bind.TypeAdapters$28.read(TypeAdapters.java:779) ~[gson-2.10.jar%23107!/:?]
	at com.google.gson.internal.bind.TypeAdapters$28.read(TypeAdapters.java:725) ~[gson-2.10.jar%23107!/:?]
	at com.google.gson.internal.bind.TypeAdapters$34$1.read(TypeAdapters.java:1007) ~[gson-2.10.jar%23107!/:?]
	at net.minecraft.util.GsonHelper.m_13780_(GsonHelper.java:524) ~[client-1.20.1-20230612.114412-srg.jar%23242!/:?]
	... 16 more
[13:48:18] [Worker-Main-6/ERROR]: Unable to parse metadata from avaritia:item/pull_0_mask
com.google.gson.JsonParseException: com.google.gson.stream.MalformedJsonException: Use JsonReader.setLenient(true) to accept malformed JSON at line 35 column 6 path $.animation.frames[30]
	at net.minecraft.util.GsonHelper.m_13780_(GsonHelper.java:526) ~[client-1.20.1-20230612.114412-srg.jar%23242!/:?]
	at net.minecraft.util.GsonHelper.m_263475_(GsonHelper.java:531) ~[client-1.20.1-20230612.114412-srg.jar%23242!/:?]
	at net.minecraft.util.GsonHelper.m_13861_(GsonHelper.java:593) ~[client-1.20.1-20230612.114412-srg.jar%23242!/:?]
	at net.minecraft.util.GsonHelper.m_13859_(GsonHelper.java:601) ~[client-1.20.1-20230612.114412-srg.jar%23242!/:?]
	at net.minecraft.server.packs.resources.ResourceMetadata.m_215580_(ResourceMetadata.java:25) ~[client-1.20.1-20230612.114412-srg.jar%23242!/:?]
	at net.minecraft.server.packs.resources.FallbackResourceManager.m_246183_(FallbackResourceManager.java:227) ~[client-1.20.1-20230612.114412-srg.jar%23242!/:?]
	at net.minecraft.server.packs.resources.FallbackResourceManager.m_244902_(FallbackResourceManager.java:221) ~[client-1.20.1-20230612.114412-srg.jar%23242!/:?]
	at net.minecraft.server.packs.resources.Resource.m_215509_(Resource.java:55) ~[client-1.20.1-20230612.114412-srg.jar%23242!/:?]
	at net.minecraft.client.renderer.texture.SpriteLoader.m_245083_(SpriteLoader.java:228) ~[client-1.20.1-20230612.114412-srg.jar%23242!/:?]
	at net.minecraft.client.renderer.texture.atlas.SpriteSource$Output.m_261059_(SpriteSource.java:22) ~[client-1.20.1-20230612.114412-srg.jar%23242!/:?]
	at java.util.concurrent.CompletableFuture$AsyncSupply.run(CompletableFuture.java:1768) ~[?:?]
	at java.util.concurrent.CompletableFuture$AsyncSupply.exec(CompletableFuture.java:1760) ~[?:?]
	at java.util.concurrent.ForkJoinTask.doExec(ForkJoinTask.java:373) ~[?:?]
	at java.util.concurrent.ForkJoinPool$WorkQueue.topLevelExec(ForkJoinPool.java:1182) ~[?:?]
	at java.util.concurrent.ForkJoinPool.scan(ForkJoinPool.java:1655) ~[?:?]
	at java.util.concurrent.ForkJoinPool.runWorker(ForkJoinPool.java:1622) ~[?:?]
	at java.util.concurrent.ForkJoinWorkerThread.run(ForkJoinWorkerThread.java:165) ~[?:?]
Caused by: com.google.gson.stream.MalformedJsonException: Use JsonReader.setLenient(true) to accept malformed JSON at line 35 column 6 path $.animation.frames[30]
	at com.google.gson.stream.JsonReader.syntaxError(JsonReader.java:1657) ~[gson-2.10.jar%23107!/:?]
	at com.google.gson.stream.JsonReader.checkLenient(JsonReader.java:1463) ~[gson-2.10.jar%23107!/:?]
	at com.google.gson.stream.JsonReader.doPeek(JsonReader.java:569) ~[gson-2.10.jar%23107!/:?]
	at com.google.gson.stream.JsonReader.hasNext(JsonReader.java:422) ~[gson-2.10.jar%23107!/:?]
	at com.google.gson.internal.bind.TypeAdapters$28.read(TypeAdapters.java:779) ~[gson-2.10.jar%23107!/:?]
	at com.google.gson.internal.bind.TypeAdapters$28.read(TypeAdapters.java:725) ~[gson-2.10.jar%23107!/:?]
	at com.google.gson.internal.bind.TypeAdapters$34$1.read(TypeAdapters.java:1007) ~[gson-2.10.jar%23107!/:?]
	at net.minecraft.util.GsonHelper.m_13780_(GsonHelper.java:524) ~[client-1.20.1-20230612.114412-srg.jar%23242!/:?]
	... 16 more
[13:48:18] [Worker-Main-12/WARN]: Unused frames in sprite kubejs:item/singularity: [3, 4, 5]
[13:48:18] [Worker-Main-1/WARN]: Unused frames in sprite avaritia:block/extreme_side: [8]
[13:48:18] [Worker-Main-12/ERROR]: Unable to parse metadata from avaritia:item/pull_1
com.google.gson.JsonParseException: com.google.gson.stream.MalformedJsonException: Use JsonReader.setLenient(true) to accept malformed JSON at line 35 column 6 path $.animation.frames[30]
	at net.minecraft.util.GsonHelper.m_13780_(GsonHelper.java:526) ~[client-1.20.1-20230612.114412-srg.jar%23242!/:?]
	at net.minecraft.util.GsonHelper.m_263475_(GsonHelper.java:531) ~[client-1.20.1-20230612.114412-srg.jar%23242!/:?]
	at net.minecraft.util.GsonHelper.m_13861_(GsonHelper.java:593) ~[client-1.20.1-20230612.114412-srg.jar%23242!/:?]
	at net.minecraft.util.GsonHelper.m_13859_(GsonHelper.java:601) ~[client-1.20.1-20230612.114412-srg.jar%23242!/:?]
	at net.minecraft.server.packs.resources.ResourceMetadata.m_215580_(ResourceMetadata.java:25) ~[client-1.20.1-20230612.114412-srg.jar%23242!/:?]
	at net.minecraft.server.packs.resources.FallbackResourceManager.m_246183_(FallbackResourceManager.java:227) ~[client-1.20.1-20230612.114412-srg.jar%23242!/:?]
	at net.minecraft.server.packs.resources.FallbackResourceManager.m_244902_(FallbackResourceManager.java:221) ~[client-1.20.1-20230612.114412-srg.jar%23242!/:?]
	at net.minecraft.server.packs.resources.Resource.m_215509_(Resource.java:55) ~[client-1.20.1-20230612.114412-srg.jar%23242!/:?]
	at net.minecraft.client.renderer.texture.SpriteLoader.m_245083_(SpriteLoader.java:228) ~[client-1.20.1-20230612.114412-srg.jar%23242!/:?]
	at net.minecraft.client.renderer.texture.atlas.SpriteSource$Output.m_261059_(SpriteSource.java:22) ~[client-1.20.1-20230612.114412-srg.jar%23242!/:?]
	at java.util.concurrent.CompletableFuture$AsyncSupply.run(CompletableFuture.java:1768) ~[?:?]
	at java.util.concurrent.CompletableFuture$AsyncSupply.exec(CompletableFuture.java:1760) ~[?:?]
	at java.util.concurrent.ForkJoinTask.doExec(ForkJoinTask.java:373) ~[?:?]
	at java.util.concurrent.ForkJoinPool$WorkQueue.topLevelExec(ForkJoinPool.java:1182) ~[?:?]
	at java.util.concurrent.ForkJoinPool.scan(ForkJoinPool.java:1655) ~[?:?]
	at java.util.concurrent.ForkJoinPool.runWorker(ForkJoinPool.java:1622) ~[?:?]
	at java.util.concurrent.ForkJoinWorkerThread.run(ForkJoinWorkerThread.java:165) ~[?:?]
Caused by: com.google.gson.stream.MalformedJsonException: Use JsonReader.setLenient(true) to accept malformed JSON at line 35 column 6 path $.animation.frames[30]
	at com.google.gson.stream.JsonReader.syntaxError(JsonReader.java:1657) ~[gson-2.10.jar%23107!/:?]
	at com.google.gson.stream.JsonReader.checkLenient(JsonReader.java:1463) ~[gson-2.10.jar%23107!/:?]
	at com.google.gson.stream.JsonReader.doPeek(JsonReader.java:569) ~[gson-2.10.jar%23107!/:?]
	at com.google.gson.stream.JsonReader.hasNext(JsonReader.java:422) ~[gson-2.10.jar%23107!/:?]
	at com.google.gson.internal.bind.TypeAdapters$28.read(TypeAdapters.java:779) ~[gson-2.10.jar%23107!/:?]
	at com.google.gson.internal.bind.TypeAdapters$28.read(TypeAdapters.java:725) ~[gson-2.10.jar%23107!/:?]
	at com.google.gson.internal.bind.TypeAdapters$34$1.read(TypeAdapters.java:1007) ~[gson-2.10.jar%23107!/:?]
	at net.minecraft.util.GsonHelper.m_13780_(GsonHelper.java:524) ~[client-1.20.1-20230612.114412-srg.jar%23242!/:?]
	... 16 more
[13:48:18] [Worker-Main-9/ERROR]: Unable to parse metadata from avaritia:item/pull_0
com.google.gson.JsonParseException: com.google.gson.stream.MalformedJsonException: Use JsonReader.setLenient(true) to accept malformed JSON at line 35 column 6 path $.animation.frames[30]
	at net.minecraft.util.GsonHelper.m_13780_(GsonHelper.java:526) ~[client-1.20.1-20230612.114412-srg.jar%23242!/:?]
	at net.minecraft.util.GsonHelper.m_263475_(GsonHelper.java:531) ~[client-1.20.1-20230612.114412-srg.jar%23242!/:?]
	at net.minecraft.util.GsonHelper.m_13861_(GsonHelper.java:593) ~[client-1.20.1-20230612.114412-srg.jar%23242!/:?]
	at net.minecraft.util.GsonHelper.m_13859_(GsonHelper.java:601) ~[client-1.20.1-20230612.114412-srg.jar%23242!/:?]
	at net.minecraft.server.packs.resources.ResourceMetadata.m_215580_(ResourceMetadata.java:25) ~[client-1.20.1-20230612.114412-srg.jar%23242!/:?]
	at net.minecraft.server.packs.resources.FallbackResourceManager.m_246183_(FallbackResourceManager.java:227) ~[client-1.20.1-20230612.114412-srg.jar%23242!/:?]
	at net.minecraft.server.packs.resources.FallbackResourceManager.m_244902_(FallbackResourceManager.java:221) ~[client-1.20.1-20230612.114412-srg.jar%23242!/:?]
	at net.minecraft.server.packs.resources.Resource.m_215509_(Resource.java:55) ~[client-1.20.1-20230612.114412-srg.jar%23242!/:?]
	at net.minecraft.client.renderer.texture.SpriteLoader.m_245083_(SpriteLoader.java:228) ~[client-1.20.1-20230612.114412-srg.jar%23242!/:?]
	at net.minecraft.client.renderer.texture.atlas.SpriteSource$Output.m_261059_(SpriteSource.java:22) ~[client-1.20.1-20230612.114412-srg.jar%23242!/:?]
	at java.util.concurrent.CompletableFuture$AsyncSupply.run(CompletableFuture.java:1768) ~[?:?]
	at java.util.concurrent.CompletableFuture$AsyncSupply.exec(CompletableFuture.java:1760) ~[?:?]
	at java.util.concurrent.ForkJoinTask.doExec(ForkJoinTask.java:373) ~[?:?]
	at java.util.concurrent.ForkJoinPool$WorkQueue.topLevelExec(ForkJoinPool.java:1182) ~[?:?]
	at java.util.concurrent.ForkJoinPool.scan(ForkJoinPool.java:1655) ~[?:?]
	at java.util.concurrent.ForkJoinPool.runWorker(ForkJoinPool.java:1622) ~[?:?]
	at java.util.concurrent.ForkJoinWorkerThread.run(ForkJoinWorkerThread.java:165) ~[?:?]
Caused by: com.google.gson.stream.MalformedJsonException: Use JsonReader.setLenient(true) to accept malformed JSON at line 35 column 6 path $.animation.frames[30]
	at com.google.gson.stream.JsonReader.syntaxError(JsonReader.java:1657) ~[gson-2.10.jar%23107!/:?]
	at com.google.gson.stream.JsonReader.checkLenient(JsonReader.java:1463) ~[gson-2.10.jar%23107!/:?]
	at com.google.gson.stream.JsonReader.doPeek(JsonReader.java:569) ~[gson-2.10.jar%23107!/:?]
	at com.google.gson.stream.JsonReader.hasNext(JsonReader.java:422) ~[gson-2.10.jar%23107!/:?]
	at com.google.gson.internal.bind.TypeAdapters$28.read(TypeAdapters.java:779) ~[gson-2.10.jar%23107!/:?]
	at com.google.gson.internal.bind.TypeAdapters$28.read(TypeAdapters.java:725) ~[gson-2.10.jar%23107!/:?]
	at com.google.gson.internal.bind.TypeAdapters$34$1.read(TypeAdapters.java:1007) ~[gson-2.10.jar%23107!/:?]
	at net.minecraft.util.GsonHelper.m_13780_(GsonHelper.java:524) ~[client-1.20.1-20230612.114412-srg.jar%23242!/:?]
	... 16 more
[13:48:18] [Worker-Main-6/ERROR]: Unable to parse metadata from avaritia:item/pull_2
com.google.gson.JsonParseException: com.google.gson.stream.MalformedJsonException: Use JsonReader.setLenient(true) to accept malformed JSON at line 35 column 6 path $.animation.frames[30]
	at net.minecraft.util.GsonHelper.m_13780_(GsonHelper.java:526) ~[client-1.20.1-20230612.114412-srg.jar%23242!/:?]
	at net.minecraft.util.GsonHelper.m_263475_(GsonHelper.java:531) ~[client-1.20.1-20230612.114412-srg.jar%23242!/:?]
	at net.minecraft.util.GsonHelper.m_13861_(GsonHelper.java:593) ~[client-1.20.1-20230612.114412-srg.jar%23242!/:?]
	at net.minecraft.util.GsonHelper.m_13859_(GsonHelper.java:601) ~[client-1.20.1-20230612.114412-srg.jar%23242!/:?]
	at net.minecraft.server.packs.resources.ResourceMetadata.m_215580_(ResourceMetadata.java:25) ~[client-1.20.1-20230612.114412-srg.jar%23242!/:?]
	at net.minecraft.server.packs.resources.FallbackResourceManager.m_246183_(FallbackResourceManager.java:227) ~[client-1.20.1-20230612.114412-srg.jar%23242!/:?]
	at net.minecraft.server.packs.resources.FallbackResourceManager.m_244902_(FallbackResourceManager.java:221) ~[client-1.20.1-20230612.114412-srg.jar%23242!/:?]
	at net.minecraft.server.packs.resources.Resource.m_215509_(Resource.java:55) ~[client-1.20.1-20230612.114412-srg.jar%23242!/:?]
	at net.minecraft.client.renderer.texture.SpriteLoader.m_245083_(SpriteLoader.java:228) ~[client-1.20.1-20230612.114412-srg.jar%23242!/:?]
	at net.minecraft.client.renderer.texture.atlas.SpriteSource$Output.m_261059_(SpriteSource.java:22) ~[client-1.20.1-20230612.114412-srg.jar%23242!/:?]
	at java.util.concurrent.CompletableFuture$AsyncSupply.run(CompletableFuture.java:1768) ~[?:?]
	at java.util.concurrent.CompletableFuture$AsyncSupply.exec(CompletableFuture.java:1760) ~[?:?]
	at java.util.concurrent.ForkJoinTask.doExec(ForkJoinTask.java:373) ~[?:?]
	at java.util.concurrent.ForkJoinPool$WorkQueue.topLevelExec(ForkJoinPool.java:1182) ~[?:?]
	at java.util.concurrent.ForkJoinPool.scan(ForkJoinPool.java:1655) ~[?:?]
	at java.util.concurrent.ForkJoinPool.runWorker(ForkJoinPool.java:1622) ~[?:?]
	at java.util.concurrent.ForkJoinWorkerThread.run(ForkJoinWorkerThread.java:165) ~[?:?]
Caused by: com.google.gson.stream.MalformedJsonException: Use JsonReader.setLenient(true) to accept malformed JSON at line 35 column 6 path $.animation.frames[30]
	at com.google.gson.stream.JsonReader.syntaxError(JsonReader.java:1657) ~[gson-2.10.jar%23107!/:?]
	at com.google.gson.stream.JsonReader.checkLenient(JsonReader.java:1463) ~[gson-2.10.jar%23107!/:?]
	at com.google.gson.stream.JsonReader.doPeek(JsonReader.java:569) ~[gson-2.10.jar%23107!/:?]
	at com.google.gson.stream.JsonReader.hasNext(JsonReader.java:422) ~[gson-2.10.jar%23107!/:?]
	at com.google.gson.internal.bind.TypeAdapters$28.read(TypeAdapters.java:779) ~[gson-2.10.jar%23107!/:?]
	at com.google.gson.internal.bind.TypeAdapters$28.read(TypeAdapters.java:725) ~[gson-2.10.jar%23107!/:?]
	at com.google.gson.internal.bind.TypeAdapters$34$1.read(TypeAdapters.java:1007) ~[gson-2.10.jar%23107!/:?]
	at net.minecraft.util.GsonHelper.m_13780_(GsonHelper.java:524) ~[client-1.20.1-20230612.114412-srg.jar%23242!/:?]
	... 16 more
[13:48:18] [Worker-Main-8/ERROR]: Unable to parse metadata from avaritia:item/idle_mask
com.google.gson.JsonParseException: com.google.gson.stream.MalformedJsonException: Use JsonReader.setLenient(true) to accept malformed JSON at line 35 column 6 path $.animation.frames[30]
	at net.minecraft.util.GsonHelper.m_13780_(GsonHelper.java:526) ~[client-1.20.1-20230612.114412-srg.jar%23242!/:?]
	at net.minecraft.util.GsonHelper.m_263475_(GsonHelper.java:531) ~[client-1.20.1-20230612.114412-srg.jar%23242!/:?]
	at net.minecraft.util.GsonHelper.m_13861_(GsonHelper.java:593) ~[client-1.20.1-20230612.114412-srg.jar%23242!/:?]
	at net.minecraft.util.GsonHelper.m_13859_(GsonHelper.java:601) ~[client-1.20.1-20230612.114412-srg.jar%23242!/:?]
	at net.minecraft.server.packs.resources.ResourceMetadata.m_215580_(ResourceMetadata.java:25) ~[client-1.20.1-20230612.114412-srg.jar%23242!/:?]
	at net.minecraft.server.packs.resources.FallbackResourceManager.m_246183_(FallbackResourceManager.java:227) ~[client-1.20.1-20230612.114412-srg.jar%23242!/:?]
	at net.minecraft.server.packs.resources.FallbackResourceManager.m_244902_(FallbackResourceManager.java:221) ~[client-1.20.1-20230612.114412-srg.jar%23242!/:?]
	at net.minecraft.server.packs.resources.Resource.m_215509_(Resource.java:55) ~[client-1.20.1-20230612.114412-srg.jar%23242!/:?]
	at net.minecraft.client.renderer.texture.SpriteLoader.m_245083_(SpriteLoader.java:228) ~[client-1.20.1-20230612.114412-srg.jar%23242!/:?]
	at net.minecraft.client.renderer.texture.atlas.SpriteSource$Output.m_261059_(SpriteSource.java:22) ~[client-1.20.1-20230612.114412-srg.jar%23242!/:?]
	at java.util.concurrent.CompletableFuture$AsyncSupply.run(CompletableFuture.java:1768) ~[?:?]
	at java.util.concurrent.CompletableFuture$AsyncSupply.exec(CompletableFuture.java:1760) ~[?:?]
	at java.util.concurrent.ForkJoinTask.doExec(ForkJoinTask.java:373) ~[?:?]
	at java.util.concurrent.ForkJoinPool$WorkQueue.topLevelExec(ForkJoinPool.java:1182) ~[?:?]
	at java.util.concurrent.ForkJoinPool.scan(ForkJoinPool.java:1655) ~[?:?]
	at java.util.concurrent.ForkJoinPool.runWorker(ForkJoinPool.java:1622) ~[?:?]
	at java.util.concurrent.ForkJoinWorkerThread.run(ForkJoinWorkerThread.java:165) ~[?:?]
Caused by: com.google.gson.stream.MalformedJsonException: Use JsonReader.setLenient(true) to accept malformed JSON at line 35 column 6 path $.animation.frames[30]
	at com.google.gson.stream.JsonReader.syntaxError(JsonReader.java:1657) ~[gson-2.10.jar%23107!/:?]
	at com.google.gson.stream.JsonReader.checkLenient(JsonReader.java:1463) ~[gson-2.10.jar%23107!/:?]
	at com.google.gson.stream.JsonReader.doPeek(JsonReader.java:569) ~[gson-2.10.jar%23107!/:?]
	at com.google.gson.stream.JsonReader.hasNext(JsonReader.java:422) ~[gson-2.10.jar%23107!/:?]
	at com.google.gson.internal.bind.TypeAdapters$28.read(TypeAdapters.java:779) ~[gson-2.10.jar%23107!/:?]
	at com.google.gson.internal.bind.TypeAdapters$28.read(TypeAdapters.java:725) ~[gson-2.10.jar%23107!/:?]
	at com.google.gson.internal.bind.TypeAdapters$34$1.read(TypeAdapters.java:1007) ~[gson-2.10.jar%23107!/:?]
	at net.minecraft.util.GsonHelper.m_13780_(GsonHelper.java:524) ~[client-1.20.1-20230612.114412-srg.jar%23242!/:?]
	... 16 more
[13:48:18] [Worker-Main-11/WARN]: Unused frames in sprite avaritia:item/infinity_ingot: [0, 1, 2, 3, 4]
[13:48:18] [Worker-Main-8/ERROR]: Unable to parse metadata from avaritia:item/pull_2_mask
com.google.gson.JsonParseException: com.google.gson.stream.MalformedJsonException: Use JsonReader.setLenient(true) to accept malformed JSON at line 35 column 6 path $.animation.frames[30]
	at net.minecraft.util.GsonHelper.m_13780_(GsonHelper.java:526) ~[client-1.20.1-20230612.114412-srg.jar%23242!/:?]
	at net.minecraft.util.GsonHelper.m_263475_(GsonHelper.java:531) ~[client-1.20.1-20230612.114412-srg.jar%23242!/:?]
	at net.minecraft.util.GsonHelper.m_13861_(GsonHelper.java:593) ~[client-1.20.1-20230612.114412-srg.jar%23242!/:?]
	at net.minecraft.util.GsonHelper.m_13859_(GsonHelper.java:601) ~[client-1.20.1-20230612.114412-srg.jar%23242!/:?]
	at net.minecraft.server.packs.resources.ResourceMetadata.m_215580_(ResourceMetadata.java:25) ~[client-1.20.1-20230612.114412-srg.jar%23242!/:?]
	at net.minecraft.server.packs.resources.FallbackResourceManager.m_246183_(FallbackResourceManager.java:227) ~[client-1.20.1-20230612.114412-srg.jar%23242!/:?]
	at net.minecraft.server.packs.resources.FallbackResourceManager.m_244902_(FallbackResourceManager.java:221) ~[client-1.20.1-20230612.114412-srg.jar%23242!/:?]
	at net.minecraft.server.packs.resources.Resource.m_215509_(Resource.java:55) ~[client-1.20.1-20230612.114412-srg.jar%23242!/:?]
	at net.minecraft.client.renderer.texture.SpriteLoader.m_245083_(SpriteLoader.java:228) ~[client-1.20.1-20230612.114412-srg.jar%23242!/:?]
	at net.minecraft.client.renderer.texture.atlas.SpriteSource$Output.m_261059_(SpriteSource.java:22) ~[client-1.20.1-20230612.114412-srg.jar%23242!/:?]
	at java.util.concurrent.CompletableFuture$AsyncSupply.run(CompletableFuture.java:1768) ~[?:?]
	at java.util.concurrent.CompletableFuture$AsyncSupply.exec(CompletableFuture.java:1760) ~[?:?]
	at java.util.concurrent.ForkJoinTask.doExec(ForkJoinTask.java:373) ~[?:?]
	at java.util.concurrent.ForkJoinPool$WorkQueue.topLevelExec(ForkJoinPool.java:1182) ~[?:?]
	at java.util.concurrent.ForkJoinPool.scan(ForkJoinPool.java:1655) ~[?:?]
	at java.util.concurrent.ForkJoinPool.runWorker(ForkJoinPool.java:1622) ~[?:?]
	at java.util.concurrent.ForkJoinWorkerThread.run(ForkJoinWorkerThread.java:165) ~[?:?]
Caused by: com.google.gson.stream.MalformedJsonException: Use JsonReader.setLenient(true) to accept malformed JSON at line 35 column 6 path $.animation.frames[30]
	at com.google.gson.stream.JsonReader.syntaxError(JsonReader.java:1657) ~[gson-2.10.jar%23107!/:?]
	at com.google.gson.stream.JsonReader.checkLenient(JsonReader.java:1463) ~[gson-2.10.jar%23107!/:?]
	at com.google.gson.stream.JsonReader.doPeek(JsonReader.java:569) ~[gson-2.10.jar%23107!/:?]
	at com.google.gson.stream.JsonReader.hasNext(JsonReader.java:422) ~[gson-2.10.jar%23107!/:?]
	at com.google.gson.internal.bind.TypeAdapters$28.read(TypeAdapters.java:779) ~[gson-2.10.jar%23107!/:?]
	at com.google.gson.internal.bind.TypeAdapters$28.read(TypeAdapters.java:725) ~[gson-2.10.jar%23107!/:?]
	at com.google.gson.internal.bind.TypeAdapters$34$1.read(TypeAdapters.java:1007) ~[gson-2.10.jar%23107!/:?]
	at net.minecraft.util.GsonHelper.m_13780_(GsonHelper.java:524) ~[client-1.20.1-20230612.114412-srg.jar%23242!/:?]
	... 16 more
[13:48:19] [Worker-Main-8/INFO]: [OptiFine] Scaled non power of 2: mahoutsukai:block/runes, 199 -> 208
[13:48:19] [Worker-Main-8/INFO]: [OptiFine] Scaled non power of 2: createdieselgenerators:block/canister, 24 -> 32
[13:48:21] [Worker-Main-8/WARN]: Missing textures in model createdieselgenerators:gasoline#level=5:
    minecraft:textures/atlas/blocks.png:createdieselgenerators:fluid/gasoline_still
[13:48:21] [Worker-Main-8/WARN]: Missing textures in model createdieselgenerators:crude_oil#level=14:
    minecraft:textures/atlas/blocks.png:createdieselgenerators:fluid/crude_oil_still
[13:48:21] [Worker-Main-8/WARN]: Missing textures in model createdieselgenerators:diesel#level=14:
    minecraft:textures/atlas/blocks.png:createdieselgenerators:fluid/diesel_still
[13:48:21] [Worker-Main-8/WARN]: Missing textures in model kubejs:dimensionite_hoe#inventory:
    minecraft:textures/atlas/blocks.png:kubejs:item/dimensionite_hoe
[13:48:21] [Worker-Main-8/WARN]: Missing textures in model createdieselgenerators:biodiesel#level=3:
    minecraft:textures/atlas/blocks.png:createdieselgenerators:fluid/biodiesel_still
[13:48:21] [Worker-Main-8/WARN]: Missing textures in model createdieselgenerators:plant_oil#level=15:
    minecraft:textures/atlas/blocks.png:createdieselgenerators:fluid/plant_oil_still
[13:48:21] [Worker-Main-8/WARN]: Missing textures in model createdieselgenerators:ethanol#level=0:
    minecraft:textures/atlas/blocks.png:createdieselgenerators:fluid/ethanol_still
[13:48:21] [Worker-Main-8/WARN]: Missing textures in model kubejs:machine_block#:
    minecraft:textures/atlas/blocks.png:kubejs:block/machine_block
[13:48:21] [Worker-Main-8/WARN]: Missing textures in model kubejs:dimensionite_shovel#inventory:
    minecraft:textures/atlas/blocks.png:kubejs:item/dimensionite_shovel
[13:48:21] [Worker-Main-8/WARN]: Missing textures in model ars_nouveau:redstone_relay#facing=east,power=8:
    minecraft:textures/atlas/blocks.png:ars_nouveau:blocks/agronomic_sourcelink
[13:48:21] [Worker-Main-8/WARN]: Missing textures in model kubejs:machine_block#inventory:
    minecraft:textures/atlas/blocks.png:kubejs:block/machine_block
[13:48:21] [Render thread/INFO]: Loaded all shader sources.
[13:48:24] [Render thread/WARN]: Missing sound for event: minecraft:item.goat_horn.play
[13:48:24] [Render thread/WARN]: Missing sound for event: minecraft:entity.goat.screaming.horn_break
[13:48:24] [Render thread/INFO]: OpenAL initialized on device OpenAL Soft on Fones de ouvido (3- Fuxi-H3 )
[13:48:24] [Render thread/INFO]: Sound engine started
[13:48:24] [Render thread/INFO]: Created: 4096x2048x4 minecraft:textures/atlas/blocks.png-atlas
[13:48:24] [Render thread/INFO]: [OptiFine] Animated sprites: 305
[13:48:24] [Render thread/INFO]: Created: 256x256x4 minecraft:textures/atlas/signs.png-atlas
[13:48:24] [Render thread/INFO]: [OptiFine] Animated sprites: 0
[13:48:24] [Render thread/INFO]: Created: 512x512x4 minecraft:textures/atlas/banner_patterns.png-atlas
[13:48:24] [Render thread/INFO]: [OptiFine] Animated sprites: 0
[13:48:24] [Render thread/INFO]: Created: 512x512x4 minecraft:textures/atlas/shield_patterns.png-atlas
[13:48:24] [Render thread/INFO]: [OptiFine] Animated sprites: 0
[13:48:24] [Render thread/INFO]: Created: 1024x1024x4 minecraft:textures/atlas/armor_trims.png-atlas
[13:48:24] [Render thread/INFO]: [OptiFine] Animated sprites: 0
[13:48:24] [Render thread/INFO]: Created: 128x64x4 minecraft:textures/atlas/decorated_pot.png-atlas
[13:48:24] [Render thread/INFO]: [OptiFine] Animated sprites: 0
[13:48:24] [Render thread/INFO]: Created: 256x256x4 minecraft:textures/atlas/chest.png-atlas
[13:48:24] [Render thread/INFO]: [OptiFine] Animated sprites: 0
[13:48:24] [Render thread/INFO]: Created: 512x256x4 minecraft:textures/atlas/beds.png-atlas
[13:48:24] [Render thread/INFO]: [OptiFine] Animated sprites: 0
[13:48:24] [Render thread/INFO]: Created: 512x256x4 minecraft:textures/atlas/shulker_boxes.png-atlas
[13:48:24] [Render thread/INFO]: [OptiFine] Animated sprites: 0
[13:48:24] [Render thread/WARN]: Shader rendertype_entity_translucent_emissive could not find sampler named Sampler2 in the specified shader program.
[13:48:24] [Render thread/WARN]: Shader moonlight:text_alpha_color could not find sampler named Sampler2 in the specified shader program.
[13:48:24] [Render thread/WARN]: Shader moonlight:text_alpha_color could not find uniform named IViewRotMat in the specified shader program.
[13:48:24] [Render thread/WARN]: Shader botania:film_grain_particle could not find sampler named Sampler2 in the specified shader program.
[13:48:24] [Render thread/INFO]: Created: 1024x512x0 minecraft:textures/atlas/particles.png-atlas
[13:48:24] [Render thread/INFO]: [OptiFine] Animated sprites: 1
[13:48:24] [Render thread/INFO]: Created: 256x256x0 minecraft:textures/atlas/paintings.png-atlas
[13:48:24] [Render thread/INFO]: [OptiFine] Animated sprites: 0
[13:48:24] [Render thread/INFO]: Created: 256x256x0 minecraft:textures/atlas/mob_effects.png-atlas
[13:48:24] [Render thread/INFO]: [OptiFine] Animated sprites: 0
[13:48:24] [Render thread/INFO]: Created: 256x256x0 moonlight:textures/atlas/map_markers.png-atlas
[13:48:24] [Render thread/INFO]: [OptiFine] Animated sprites: 0
[13:48:24] [Render thread/INFO]: Created: 256x256x0 jei:textures/atlas/gui.png-atlas
[13:48:24] [Render thread/INFO]: [OptiFine] Animated sprites: 0
[13:48:24] [Render thread/INFO]: Created: 512x256x0 mekanism:textures/atlas/robit.png-atlas
[13:48:24] [Render thread/INFO]: [OptiFine] Animated sprites: 0
[13:48:24] [Render thread/INFO]: BookContentResourceListenerLoader preloaded 558 jsons
[13:48:24] [Render thread/INFO]: Loaded 51 train hat configurations.
[13:48:24] [Render thread/INFO]: [OptiFine] *** Reloading custom textures ***
[13:48:24] [Render thread/WARN]: [OptiFine] Unknown resource pack type: net.minecraftforge.resource.DelegatingPackResources: mod_resources
[13:48:24] [Render thread/WARN]: [OptiFine] Unknown resource pack type: Moonlight Mods Dynamic Assets
[13:48:24] [Render thread/WARN]: [OptiFine] Unknown resource pack type: net.minecraftforge.resource.DelegatingPackResources: mod_resources
[13:48:24] [Render thread/WARN]: [OptiFine] Unknown resource pack type: Moonlight Mods Dynamic Assets
[13:48:24] [Render thread/WARN]: [OptiFine] Unknown resource pack type: net.minecraftforge.resource.DelegatingPackResources: mod_resources
[13:48:24] [Render thread/WARN]: [OptiFine] Unknown resource pack type: Moonlight Mods Dynamic Assets
[13:48:28] [Render thread/WARN]: [OptiFine] Unknown resource pack type: Moonlight Mods Dynamic Assets
[13:48:28] [Render thread/WARN]: [OptiFine] Unknown resource pack type: net.minecraftforge.resource.DelegatingPackResources: mod_resources
[13:48:29] [Render thread/WARN]: [OptiFine] Unknown resource pack type: net.minecraftforge.resource.DelegatingPackResources: mod_resources
[13:48:29] [Render thread/WARN]: [OptiFine] Unknown resource pack type: Moonlight Mods Dynamic Assets
[13:48:29] [Render thread/INFO]: [OptiFine] Disable Forge light pipeline
[13:48:29] [Render thread/INFO]: [OptiFine] Set ForgeConfig.CLIENT.experimentalForgeLightPipelineEnabled=false
[13:48:29] [Realms Notification Availability checker #1/INFO]: Could not authorize you against Realms server: java.lang.RuntimeException: Failed to parse into SignedJWT: null
[13:48:31] [Render thread/ERROR]: Illegal format found `{0,choice,0#Sem mods|1#1<{0} mods} carregados`
[13:48:42] [Render thread/INFO]: Injecting existing registry data into this CLIENT instance
[13:48:44] [Render thread/INFO]: example.js#5: Hello, World! (Loaded server scripts)
[13:48:44] [Render thread/INFO]: Loaded script server_scripts:example.js in 0.008 s
[13:48:44] [Render thread/INFO]: Loaded 1/1 KubeJS server scripts in 0.017 s with 0 errors and 0 warnings
[13:48:44] [Render thread/INFO]: Scripts loaded
[13:48:44] [Render thread/INFO]: Initializing recipe event...
[13:48:44] [Render thread/INFO]: Starting runtime resource generation for pack type SERVER_DATA with generators from mods [moonlight]: []
[13:48:44] [Render thread/INFO]: Finished runtime resources generation for 1 packs in a total of 0 ms
[13:48:44] [Render thread/INFO]: Registering commands with com.sk89q.worldedit.forge.ForgePlatform
[13:48:45] [Worker-Main-4/INFO]: [minecraft:block] Found 456 tags, added 6 objects, removed 0 objects
[13:48:45] [Render thread/INFO]: Processing recipes...
[13:48:45] [Render thread/WARN]: Failed to parse recipe 'createdieselgenerators:basin_fermenting/golden_apple[createdieselgenerators:basin_fermenting]'! Falling back to vanilla: Recipe component key 'heatRequirement' not found! Valid keys: [heatRequirement:string, ingredients:{input_fluid|input_item}[], processingTime:ticks, results:{output_fluid|output_item}[]]
[13:48:45] [Render thread/WARN]: Failed to parse recipe 'createdieselgenerators:basin_fermenting/fermented_spider_eye[createdieselgenerators:basin_fermenting]'! Falling back to vanilla: Recipe component key 'heatRequirement' not found! Valid keys: [ingredients:{input_fluid|input_item}[], results:{output_fluid|output_item}[], processingTime:ticks, heatRequirement:string]
[13:48:45] [Render thread/WARN]: Failed to parse recipe 'createdieselgenerators:basin_fermenting/dough[createdieselgenerators:basin_fermenting]'! Falling back to vanilla: Recipe component key 'heatRequirement' not found! Valid keys: [results:{output_fluid|output_item}[], processingTime:ticks, heatRequirement:string, ingredients:{input_fluid|input_item}[]]
[13:48:45] [Render thread/WARN]: Failed to parse recipe 'createdieselgenerators:basin_fermenting/golden_carrot[createdieselgenerators:basin_fermenting]'! Falling back to vanilla: Recipe component key 'heatRequirement' not found! Valid keys: [heatRequirement:string, ingredients:{input_fluid|input_item}[], processingTime:ticks, results:{output_fluid|output_item}[]]
[13:48:45] [Render thread/WARN]: Failed to parse recipe 'createdieselgenerators:basin_fermenting/magma_cream[createdieselgenerators:basin_fermenting]'! Falling back to vanilla: Recipe component key 'heatRequirement' not found! Valid keys: [ingredients:{input_fluid|input_item}[], results:{output_fluid|output_item}[], processingTime:ticks, heatRequirement:string]
[13:48:45] [Render thread/WARN]: Failed to parse recipe 'createdieselgenerators:distillation/crude_oil[createdieselgenerators:distillation]'! Falling back to vanilla: Cannot invoke "com.google.gson.JsonElement.getAsString()" because the return value of "com.google.gson.JsonObject.get(String)" is null
[13:48:45] [Render thread/WARN]: Failed to parse recipe 'createdieselgenerators:basin_fermenting/fermentable[createdieselgenerators:basin_fermenting]'! Falling back to vanilla: Recipe component key 'heatRequirement' not found! Valid keys: [heatRequirement:string, results:{output_fluid|output_item}[], processingTime:ticks, ingredients:{input_fluid|input_item}[]]
[13:48:45] [Render thread/INFO]: Found 6237 recipes in 141.0 ms
[13:48:45] [Render thread/INFO]: Posted recipe events in 75.71 ms
[13:48:45] [KubeJS Recipe Event Worker 0/WARN]: Error parsing recipe botania:kjs/94xr2wa1i88fyu8ka8lm6fdgp[botania:runic_altar]: {"type":"botania:runic_altar","ingredients":[{"item":"cyclic:spikes_fire"},{"item":"minecraft:obsidian"},{"item":"cyclic:spikes_fire"},{"item":"minecraft:obsidian"}],"mana":12000,"output":{"item":"minecraft:crying_obsidian"}}: Unknown item 'cyclic:spikes_fire'
[13:48:45] [Render thread/INFO]: Loaded 19 singularity type(s) in 14 ms
[13:48:45] [Render thread/INFO]: Registered 19 recipes in 16 ms (KubeJS mode)
[13:48:45] [Render thread/INFO]: Added 16 recipes, removed 2 recipes, modified 0 recipes, with 1 failed recipes in 54.10 ms
[13:48:45] [Render thread/INFO]: Loaded 3537 advancements
[13:48:45] [Render thread/INFO]: Loaded 11 curio slots
[13:48:45] [Render thread/INFO]: Loaded 2 curio entities
[13:48:45] [Render thread/INFO]: Loaded 30 Loonium configurations
[13:48:47] [Render thread/INFO]: Loaded cucumber-tags.json in 1 ms
[13:48:47] [Server thread/INFO]: Starting integrated minecraft server version 1.20.1
[13:48:47] [Server thread/INFO]: Generating keypair
[13:48:47] [Server thread/INFO]: Preparing start region for dimension minecraft:overworld
[13:48:47] [Server thread/INFO]: Server resource reload complete!
[13:48:49] [Render thread/INFO]: A preparar a área de nascimento: 0%
[13:48:49] [Render thread/INFO]: A preparar a área de nascimento: 0%
[13:48:49] [Render thread/INFO]: A preparar a área de nascimento: 0%
[13:48:49] [Render thread/INFO]: A preparar a área de nascimento: 0%
[13:48:49] [Render thread/INFO]: A preparar a área de nascimento: 0%
[13:48:50] [Render thread/INFO]: A preparar a área de nascimento: 22%
[13:48:50] [Render thread/INFO]: Time elapsed: 2967 ms
[13:48:50] [Server thread/INFO]: Successfully initialized permission handler forge:default_handler
[13:48:50] [Server thread/INFO]: HELLO from server starting
[13:48:52] [Server thread/INFO]: Encoded Weapon Attribute registry size (with package overhead): 30658 bytes (in 4 string chunks with the size of 10000)
[13:48:52] [Server thread/INFO]: Sending reload packet to clients
[13:48:52] [Server thread/INFO]: Changing view distance to 8, from 10
[13:48:52] [Server thread/INFO]: Changing simulation distance to 12, from 0
[13:48:52] [Render thread/WARN]: Unable to parse the boolean system property 'java.net.preferIPv6Addresses':system - using the default value: false
[13:48:57] [Netty Local Client IO #0/INFO]: Connected to a modded server.
[13:48:58] [Server thread/INFO]: maycon2[local:E:83cbb358] logged in with entity id 64 at (92.45260949993666, 116.53292827534491, 137.11637592325692)
[13:48:58] [Server thread/INFO]: maycon2 entrou no jogo
[13:48:58] [Netty Local Client IO #0/INFO]: Decoded Weapon Attribute registry in 4 string chunks
[13:48:58] [Render thread/INFO]: Started 6 worker threads
[13:48:58] [Render thread/INFO]: JEI StartEventObserver received class net.minecraftforge.client.event.ClientPlayerNetworkEvent$LoggingIn
[13:48:58] [Render thread/INFO]: JEI StartEventObserver transitioning state from DISABLED to ENABLED
[13:48:58] [Render thread/INFO]: Loaded 19 singularities from the server
[13:48:58] [Render thread/WARN]: Unknown recipe category: [!!!com.mojang.logging.LogUtils$1ToString@16951b85=>java.lang.NullPointerException:Cannot invoke "Object.toString()" because the return value of "java.util.function.Supplier.get()" is null!!!]/avaritia:world_breaker_jei
[13:48:58] [Render thread/WARN]: Unknown recipe category: [!!!com.mojang.logging.LogUtils$1ToString@bda6575=>java.lang.NullPointerException:Cannot invoke "Object.toString()" because the return value of "java.util.function.Supplier.get()" is null!!!]/avaritia:neutron_collector_jei
[13:48:58] [Render thread/WARN]: Unknown recipe category: [!!!com.mojang.logging.LogUtils$1ToString@4a858176=>java.lang.NullPointerException:Cannot invoke "Object.toString()" because the return value of "java.util.function.Supplier.get()" is null!!!]/avaritia:infinity_leggings_jei
[13:48:58] [Render thread/WARN]: Unknown recipe category: [!!!com.mojang.logging.LogUtils$1ToString@19396c63=>java.lang.NullPointerException:Cannot invoke "Object.toString()" because the return value of "java.util.function.Supplier.get()" is null!!!]/avaritia:infinity_helmet_jei
[13:48:58] [Render thread/WARN]: Unknown recipe category: [!!!com.mojang.logging.LogUtils$1ToString@1a3598ab=>java.lang.NullPointerException:Cannot invoke "Object.toString()" because the return value of "java.util.function.Supplier.get()" is null!!!]/avaritia:swordofthe_cosmos_jei
[13:48:58] [Render thread/WARN]: Unknown recipe category: [!!!com.mojang.logging.LogUtils$1ToString@526879b6=>java.lang.NullPointerException:Cannot invoke "Object.toString()" because the return value of "java.util.function.Supplier.get()" is null!!!]/avaritia:infinity_catalyst_jei
[13:48:58] [Render thread/WARN]: Unknown recipe category: [!!!com.mojang.logging.LogUtils$1ToString@487cae23=>java.lang.NullPointerException:Cannot invoke "Object.toString()" because the return value of "java.util.function.Supplier.get()" is null!!!]/avaritia:planet_eater_jei
[13:48:58] [Render thread/WARN]: Unknown recipe category: [!!!com.mojang.logging.LogUtils$1ToString@5327a2d1=>java.lang.NullPointerException:Cannot invoke "Object.toString()" because the return value of "java.util.function.Supplier.get()" is null!!!]/avaritia:skullfire_sword_jei
[13:48:58] [Render thread/WARN]: Unknown recipe category: [!!!com.mojang.logging.LogUtils$1ToString@4a0c297c=>java.lang.NullPointerException:Cannot invoke "Object.toString()" because the return value of "java.util.function.Supplier.get()" is null!!!]/avaritia:neutronium_compressor_jei
[13:48:58] [Render thread/WARN]: Unknown recipe category: [!!!com.mojang.logging.LogUtils$1ToString@5461635c=>java.lang.NullPointerException:Cannot invoke "Object.toString()" because the return value of "java.util.function.Supplier.get()" is null!!!]/avaritia:hoeofthe_green_earth_jei
[13:48:58] [Render thread/WARN]: Unknown recipe category: [!!!com.mojang.logging.LogUtils$1ToString@18ea8972=>java.lang.NullPointerException:Cannot invoke "Object.toString()" because the return value of "java.util.function.Supplier.get()" is null!!!]/avaritia:longbowofthe_heavens_jei
[13:48:58] [Render thread/WARN]: Unknown recipe category: [!!!com.mojang.logging.LogUtils$1ToString@210ee71f=>java.lang.NullPointerException:Cannot invoke "Object.toString()" because the return value of "java.util.function.Supplier.get()" is null!!!]/avaritia:infinity_chestplate_jei
[13:48:58] [Render thread/WARN]: Unknown recipe category: [!!!com.mojang.logging.LogUtils$1ToString@4eb6d757=>java.lang.NullPointerException:Cannot invoke "Object.toString()" because the return value of "java.util.function.Supplier.get()" is null!!!]/avaritia:infinity_ingot_jei
[13:48:58] [Render thread/WARN]: Unknown recipe category: [!!!com.mojang.logging.LogUtils$1ToString@471a6f59=>java.lang.NullPointerException:Cannot invoke "Object.toString()" because the return value of "java.util.function.Supplier.get()" is null!!!]/avaritia:infinity_boots_jei
[13:48:58] [Render thread/WARN]: Unknown recipe category: [!!!com.mojang.logging.LogUtils$1ToString@4097b70f=>java.lang.NullPointerException:Cannot invoke "Object.toString()" because the return value of "java.util.function.Supplier.get()" is null!!!]/avaritia:endest_pearl_jei
[13:48:58] [Render thread/WARN]: Unknown recipe category: [!!!com.mojang.logging.LogUtils$1ToString@6ed94a10=>java.lang.NullPointerException:Cannot invoke "Object.toString()" because the return value of "java.util.function.Supplier.get()" is null!!!]/avaritia:cosmic_meatballs_jei
[13:48:58] [Render thread/WARN]: Unknown recipe category: [!!!com.mojang.logging.LogUtils$1ToString@3cc254=>java.lang.NullPointerException:Cannot invoke "Object.toString()" because the return value of "java.util.function.Supplier.get()" is null!!!]/avaritia:ultimate_stew_jei
[13:48:58] [Render thread/WARN]: Unknown recipe category: [!!!com.mojang.logging.LogUtils$1ToString@6856b5c2=>java.lang.NullPointerException:Cannot invoke "Object.toString()" because the return value of "java.util.function.Supplier.get()" is null!!!]/avaritialiteextended:infinity_trident_jei
[13:48:58] [Render thread/WARN]: Unknown recipe category: [!!!com.mojang.logging.LogUtils$1ToString@786e15e9=>java.lang.NullPointerException:Cannot invoke "Object.toString()" because the return value of "java.util.function.Supplier.get()" is null!!!]/avaritia:natures_ruin_jei
[13:48:59] [Render thread/INFO]: Started wikis recipes collecting...
[13:48:59] [Render thread/INFO]: Wiki recipes collecting completed in : 49 ms
[13:48:59] [Render thread/INFO]: JEI StartEventObserver received class net.minecraftforge.client.event.RecipesUpdatedEvent
[13:48:59] [Render thread/INFO]: JEI StartEventObserver received class net.minecraftforge.event.TagsUpdatedEvent
[13:48:59] [Render thread/INFO]: JEI StartEventObserver transitioning state from ENABLED to JEI_STARTED
[13:48:59] [Render thread/INFO]: Starting JEI...
[13:48:59] [Render thread/INFO]: Registering item subtypes...
[13:48:59] [Render thread/INFO]: Registering item subtypes: mekanism:jei_plugin took 22.60 milliseconds
[13:48:59] [Render thread/INFO]: Registering item subtypes took 27.52 ms
[13:48:59] [Render thread/INFO]: Registering fluid subtypes...
[13:48:59] [Render thread/INFO]: Registering fluid subtypes took 1.870 ms
[13:48:59] [Render thread/INFO]: Registering ingredients...
[13:48:59] [Render thread/WARN]: Item Group has no display items and no search tab display items. Items from this group will be missing from the JEI ingredient list. Blocos de operador
[13:48:59] [Render thread/INFO]: Registering ingredients: jei:minecraft took 263.1 milliseconds
[13:48:59] [Render thread/INFO]: Registering ingredients took 266.7 ms
[13:48:59] [Render thread/INFO]: Registering extra ingredients...
[13:48:59] [Render thread/INFO]: Registering extra ingredients took 298.8 ?s
[13:48:59] [Render thread/INFO]: Registering search ingredient aliases...
[13:48:59] [Render thread/INFO]: Registering search ingredient aliases took 430.4 ?s
[13:48:59] [Render thread/INFO]: Registering categories...
[13:48:59] [Render thread/INFO]: Registering categories: jei:minecraft took 13.61 milliseconds
[13:48:59] [Render thread/INFO]: Registering categories: mekanism:jei_plugin took 27.86 milliseconds
[13:48:59] [Render thread/INFO]: Registering categories: create:jei_plugin took 34.00 milliseconds
[13:48:59] [Render thread/INFO]: Registering categories took 109.5 ms
[13:48:59] [Render thread/INFO]: Registering vanilla category extensions...
[13:48:59] [Render thread/INFO]: Registering vanilla category extensions took 5.312 ms
[13:48:59] [Render thread/INFO]: Registering recipe catalysts...
[13:48:59] [Render thread/INFO]: Registering recipe catalysts took 5.313 ms
[13:48:59] [Render thread/INFO]: Building recipe registry...
[13:48:59] [Render thread/INFO]: Building recipe registry took 14.33 ms
[13:48:59] [Render thread/INFO]: Registering advanced plugins...
[13:48:59] [Render thread/INFO]: Registering advanced plugins took 385.9 ?s
[13:48:59] [Render thread/INFO]: Registering recipes...
[13:48:59] [Render thread/INFO]: Registering recipes: jei:minecraft took 391.1 milliseconds
[13:49:00] [Render thread/INFO]: Registering recipes: botania:main took 11.10 milliseconds
[13:49:00] [Render thread/INFO]: Registering recipes: mekanism:jei_plugin took 52.77 milliseconds
[13:49:00] [Render thread/INFO]: Registering recipes: create:jei_plugin took 218.1 milliseconds
[13:49:00] [Render thread/INFO]: Registering recipes took 697.5 ms
[13:49:00] [Render thread/INFO]: Registering recipes transfer handlers...
[13:49:00] [Render thread/INFO]: Registering recipes transfer handlers took 8.287 ms
[13:49:00] [Render thread/INFO]: Building runtime...
[13:49:00] [Render thread/INFO]: Registering gui handlers...
[13:49:00] [Render thread/INFO]: Registering gui handlers took 10.18 ms
[13:49:00] [Render thread/INFO]: Registering Runtime...
[13:49:00] [Render thread/INFO]: Starting JEI GUI
[13:49:00] [Render thread/INFO]: Building ingredient list...
[13:49:00] [Render thread/INFO]: Building ingredient list took 47.05 ms
[13:49:00] [Render thread/INFO]: Building ingredient filter...
[13:49:00] [Render thread/INFO]: Adding 4712 ingredients
[13:49:00] [Render thread/INFO]: Added 4712 ingredients
[13:49:00] [Render thread/INFO]: Building ingredient filter took 582.8 ms
[13:49:01] [Render thread/INFO]: Registering Runtime: jei:forge_gui took 719.4 milliseconds
[13:49:01] [Render thread/INFO]: Registering Runtime took 720.1 ms
[13:49:01] [Render thread/INFO]: Building runtime took 737.2 ms
[13:49:01] [Render thread/INFO]: Sending Runtime...
[13:49:01] [Render thread/INFO]: Sending Runtime took 1.752 ms
[13:49:01] [Render thread/INFO]: Starting JEI took 1.917 s
[13:49:01] [Render thread/INFO]: Loaded 126 advancements
[13:49:01] [Render thread/INFO]: BookContentResourceListenerLoader: Files found in 287.8 ?s
[13:49:01] [Render thread/INFO]: BookContentResourceListenerLoader: Files found in 301.6 ?s
[13:49:01] [Render thread/INFO]: BookContentResourceListenerLoader: Files found in 256.5 ?s
[13:49:01] [Render thread/INFO]: BookContentResourceListenerLoader: Files found in 29.00 ?s
[13:49:01] [Render thread/INFO]: BookContentResourceListenerLoader: Files found in 23.70 ?s
[13:49:01] [Render thread/INFO]: BookContentResourceListenerLoader: Files found in 14.60 ?s
[13:49:01] [Render thread/INFO]: BookContentResourceListenerLoader: Files found in 307.5 ?s
[13:49:01] [Render thread/INFO]: BookContentResourceListenerLoader: Files found in 343.0 ?s
[13:49:01] [Render thread/INFO]: BookContentResourceListenerLoader: Files found in 293.1 ?s
[13:49:01] [Render thread/INFO]: [System] [CHAT] Uma nova versão do §eOptiFine§f está agora disponível: §e§nHD Ultra I6§r§f
[13:49:04] [Render thread/INFO]: calculated cape performance:TEXTURE_272, middle time: 1.3333333333333333
[13:49:05] [Render thread/INFO]: can use texture size:TEXTURE_272, middle time: 1.0
[13:53:40] [Server thread/INFO]: Saving and pausing game...
[13:53:40] [Server thread/INFO]: Saving chunks for level 'ServerLevel[Novo mundo]'/minecraft:overworld
[13:53:40] [Server thread/INFO]: Saving chunks for level 'ServerLevel[Novo mundo]'/minecraft:the_end
[13:53:40] [Server thread/INFO]: Saving chunks for level 'ServerLevel[Novo mundo]'/minecraft:the_nether
[13:53:40] [Server thread/INFO]: Saving chunks for level 'ServerLevel[Novo mundo]'/mahoutsukai:reality_marble
[13:53:43] [Server thread/INFO]: Saving and pausing game...
[13:53:43] [Server thread/INFO]: Saving chunks for level 'ServerLevel[Novo mundo]'/minecraft:overworld
[13:53:43] [Server thread/INFO]: Saving chunks for level 'ServerLevel[Novo mundo]'/minecraft:the_end
[13:53:43] [Server thread/INFO]: Saving chunks for level 'ServerLevel[Novo mundo]'/minecraft:the_nether
[13:53:43] [Server thread/INFO]: Saving chunks for level 'ServerLevel[Novo mundo]'/mahoutsukai:reality_marble
[13:54:41] [Server thread/INFO]: Saving and pausing game...
[13:54:41] [Server thread/INFO]: Saving chunks for level 'ServerLevel[Novo mundo]'/minecraft:overworld
[13:54:41] [Server thread/INFO]: Saving chunks for level 'ServerLevel[Novo mundo]'/minecraft:the_end
[13:54:41] [Server thread/INFO]: Saving chunks for level 'ServerLevel[Novo mundo]'/minecraft:the_nether
[13:54:41] [Server thread/INFO]: Saving chunks for level 'ServerLevel[Novo mundo]'/mahoutsukai:reality_marble
[14:00:39] [Render thread/INFO]: [System] [CHAT] [Depuração]: Pacotes de recursos recarregados
[14:00:39] [Render thread/INFO]: example.js#5: Hello, World! (Loaded client scripts)
[14:00:39] [Render thread/INFO]: Loaded script client_scripts:example.js in 0.0 s
[14:00:39] [Render thread/INFO]: Loaded 1/1 KubeJS client scripts in 0.007 s with 0 errors and 0 warnings
[14:00:39] [Render thread/INFO]: Reloading ResourceManager: vanilla, mod_resources, Moonlight Mods Dynamic Assets, KubeJS Resource Pack [assets]
[14:00:39] [Render thread/WARN]: [OptiFine] Unknown resource pack type: Moonlight Mods Dynamic Assets
[14:00:39] [Render thread/WARN]: [OptiFine] Unknown resource pack type: Moonlight Mods Dynamic Assets
[14:00:39] [Render thread/WARN]: [OptiFine] Unknown resource pack type: Moonlight Mods Dynamic Assets
[14:00:39] [Render thread/WARN]: [OptiFine] Unknown resource pack type: Moonlight Mods Dynamic Assets
[14:00:39] [Render thread/WARN]: [OptiFine] Unknown resource pack type: net.minecraftforge.resource.DelegatingPackResources: mod_resources
[14:00:39] [Render thread/WARN]: [OptiFine] Unknown resource pack type: net.minecraftforge.resource.DelegatingPackResources: mod_resources
[14:00:39] [Render thread/WARN]: [OptiFine] Unknown resource pack type: net.minecraftforge.resource.DelegatingPackResources: mod_resources
[14:00:39] [Render thread/WARN]: [OptiFine] Unknown resource pack type: net.minecraftforge.resource.DelegatingPackResources: mod_resources
[14:00:39] [Worker-Main-12/INFO]: Starting runtime resource generation for pack type CLIENT_RESOURCES with generators from mods [moonlight]: [net.mehvahdjukaar.moonlight.core.MoonlightClient$MLDynamicClientResources@61bb5650]
[14:00:39] [Worker-Main-12/INFO]: Generating runtime assets for pack Moonlight Mods Dynamic Assets (moonlight)
[14:00:39] [Worker-Main-12/INFO]: Generated runtime CLIENT_RESOURCES for pack Moonlight Mods Dynamic Assets (moonlight) in: 0 ms (multithreaded)
[14:00:39] [Worker-Main-12/INFO]: Finished runtime resources generation for 1 packs in a total of 0 ms
[14:00:39] [Render thread/INFO]: Client resource reload complete!
[14:00:39] [Render thread/INFO]: [OptiFine] *** Reloading textures ***
[14:00:39] [Server thread/INFO]: Saving and pausing game...
[14:00:39] [Render thread/INFO]: [OptiFine] Resource packs: mod_resources, Moonlight Mods Dynamic Assets
[14:00:39] [Render thread/WARN]: [OptiFine] Unknown resource pack type: net.minecraftforge.resource.DelegatingPackResources: mod_resources
[14:00:39] [Render thread/WARN]: [OptiFine] Unknown resource pack type: Moonlight Mods Dynamic Assets
[14:00:39] [Server thread/INFO]: Saving chunks for level 'ServerLevel[Novo mundo]'/minecraft:overworld
[14:00:39] [Worker-Main-20/INFO]: Found unifont_all_no_pua-15.0.06.hex, loading
[14:00:39] [Worker-Main-10/INFO]: [OptiFine] Pre-stitch: minecraft:textures/atlas/signs.png
[14:00:39] [Worker-Main-10/INFO]: [OptiFine] Multitexture: false
[14:00:39] [Worker-Main-8/INFO]: [OptiFine] Pre-stitch: minecraft:textures/atlas/shield_patterns.png
[14:00:39] [Worker-Main-8/INFO]: [OptiFine] Multitexture: false
[14:00:39] [Worker-Main-12/INFO]: [OptiFine] Pre-stitch: minecraft:textures/atlas/banner_patterns.png
[14:00:39] [Worker-Main-12/INFO]: [OptiFine] Multitexture: false
[14:00:39] [Worker-Main-4/INFO]: [OptiFine] Pre-stitch: minecraft:textures/atlas/armor_trims.png
[14:00:39] [Worker-Main-4/INFO]: [OptiFine] Multitexture: false
[14:00:39] [Worker-Main-9/INFO]: [OptiFine] Pre-stitch: minecraft:textures/atlas/decorated_pot.png
[14:00:39] [Worker-Main-22/INFO]: [OptiFine] Pre-stitch: minecraft:textures/atlas/chest.png
[14:00:39] [Worker-Main-22/INFO]: [OptiFine] Multitexture: false
[14:00:39] [Worker-Main-9/INFO]: [OptiFine] Multitexture: false
[14:00:39] [Server thread/INFO]: Saving chunks for level 'ServerLevel[Novo mundo]'/minecraft:the_end
[14:00:39] [Server thread/INFO]: Saving chunks for level 'ServerLevel[Novo mundo]'/minecraft:the_nether
[14:00:39] [Server thread/INFO]: Saving chunks for level 'ServerLevel[Novo mundo]'/mahoutsukai:reality_marble
[14:00:39] [Worker-Main-5/INFO]: [OptiFine] Pre-stitch: minecraft:textures/atlas/beds.png
[14:00:39] [Worker-Main-5/INFO]: [OptiFine] Multitexture: false
[14:00:39] [Worker-Main-4/INFO]: [OptiFine] Mipmap levels: 4
[14:00:39] [Worker-Main-7/INFO]: [OptiFine] Pre-stitch: minecraft:textures/atlas/blocks.png
[14:00:39] [Worker-Main-7/INFO]: [OptiFine] Multitexture: false
[14:00:39] [Worker-Main-22/INFO]: [OptiFine] Sprite size: 64
[14:00:39] [Worker-Main-22/INFO]: [OptiFine] Mipmap levels: 6
[14:00:39] [Worker-Main-4/INFO]: [OptiFine] Pre-stitch: minecraft:textures/atlas/shulker_boxes.png
[14:00:39] [Worker-Main-4/INFO]: [OptiFine] Multitexture: false
[14:00:39] [Worker-Main-22/INFO]: [OptiFine] Scaled too small texture: minecraft:missingno, 16 -> 64
[14:00:39] [Worker-Main-22/INFO]: [OptiFine] Scaled too small texture: minecraft:optifine/ctm/default/empty, 16 -> 64
[14:00:39] [Worker-Main-10/INFO]: [OptiFine] Sprite size: 64
[14:00:39] [Worker-Main-10/INFO]: [OptiFine] Mipmap levels: 6
[14:00:39] [Worker-Main-22/INFO]: [OptiFine] Pre-stitch: minecraft:textures/atlas/particles.png
[14:00:39] [Worker-Main-22/INFO]: [OptiFine] Multitexture: false
[14:00:39] [Worker-Main-9/INFO]: [OptiFine] Mipmap levels: 4
[14:00:39] [Worker-Main-5/INFO]: [OptiFine] Sprite size: 64
[14:00:39] [Worker-Main-5/INFO]: [OptiFine] Mipmap levels: 6
[14:00:39] [Worker-Main-10/INFO]: [OptiFine] Scaled too small texture: minecraft:missingno, 16 -> 64
[14:00:39] [Worker-Main-10/INFO]: [OptiFine] Scaled too small texture: minecraft:optifine/ctm/default/empty, 16 -> 64
[14:00:39] [Worker-Main-5/INFO]: [OptiFine] Scaled too small texture: minecraft:missingno, 16 -> 64
[14:00:39] [Worker-Main-10/INFO]: [OptiFine] Pre-stitch: minecraft:textures/atlas/paintings.png
[14:00:39] [Worker-Main-10/INFO]: [OptiFine] Multitexture: false
[14:00:39] [Worker-Main-5/INFO]: [OptiFine] Scaled too small texture: minecraft:optifine/ctm/default/empty, 16 -> 64
[14:00:39] [Worker-Main-9/INFO]: [OptiFine] Pre-stitch: minecraft:textures/atlas/mob_effects.png
[14:00:39] [Worker-Main-9/INFO]: [OptiFine] Multitexture: false
[14:00:39] [Worker-Main-5/INFO]: [OptiFine] Pre-stitch: moonlight:textures/atlas/map_markers.png
[14:00:39] [Worker-Main-5/INFO]: [OptiFine] Multitexture: false
[14:00:39] [Worker-Main-4/INFO]: [OptiFine] Sprite size: 64
[14:00:39] [Worker-Main-4/INFO]: [OptiFine] Mipmap levels: 6
[14:00:39] [Worker-Main-10/INFO]: [OptiFine] Pre-stitch: jei:textures/atlas/gui.png
[14:00:39] [Worker-Main-10/INFO]: [OptiFine] Multitexture: false
[14:00:39] [Worker-Main-6/INFO]: [OptiFine] Pre-stitch: mekanism:textures/atlas/robit.png
[14:00:39] [Worker-Main-6/INFO]: [OptiFine] Multitexture: false
[14:00:39] [Worker-Main-5/INFO]: [OptiFine] Scaled non power of 2: minecraft:cherry_2, 3 -> 9
[14:00:39] [Worker-Main-5/INFO]: [OptiFine] Scaled non power of 2: minecraft:cherry_1, 3 -> 9
[14:00:39] [Worker-Main-4/INFO]: [OptiFine] Scaled too small texture: minecraft:missingno, 16 -> 64
[14:00:39] [Worker-Main-5/INFO]: [OptiFine] Scaled non power of 2: minecraft:cherry_0, 3 -> 9
[14:00:39] [Worker-Main-5/INFO]: [OptiFine] Scaled non power of 2: minecraft:cherry_11, 3 -> 9
[14:00:39] [Worker-Main-5/INFO]: [OptiFine] Scaled non power of 2: minecraft:cherry_10, 3 -> 9
[14:00:39] [Worker-Main-4/INFO]: [OptiFine] Scaled too small texture: minecraft:optifine/ctm/default/empty, 16 -> 64
[14:00:39] [Worker-Main-5/INFO]: [OptiFine] Scaled non power of 2: minecraft:cherry_6, 3 -> 9
[14:00:39] [Worker-Main-5/INFO]: [OptiFine] Scaled non power of 2: minecraft:cherry_5, 3 -> 9
[14:00:39] [Worker-Main-5/INFO]: [OptiFine] Scaled non power of 2: minecraft:cherry_4, 3 -> 9
[14:00:39] [Worker-Main-5/INFO]: [OptiFine] Scaled non power of 2: minecraft:cherry_3, 3 -> 9
[14:00:39] [Worker-Main-5/INFO]: [OptiFine] Scaled non power of 2: minecraft:cherry_9, 3 -> 9
[14:00:39] [Worker-Main-5/INFO]: [OptiFine] Scaled non power of 2: minecraft:cherry_8, 3 -> 9
[14:00:39] [Worker-Main-5/INFO]: [OptiFine] Scaled non power of 2: minecraft:cherry_7, 3 -> 9
[14:00:39] [Worker-Main-10/INFO]: [OptiFine] Scaled non power of 2: jei:icons/recipe_transfer, 7 -> 14
[14:00:39] [Worker-Main-10/INFO]: [OptiFine] Scaled non power of 2: jei:brewing_stand_arrow, 7 -> 14
[14:00:39] [Worker-Main-8/INFO]: [OptiFine] Sprite size: 64
[14:00:39] [Worker-Main-8/INFO]: [OptiFine] Mipmap levels: 6
[14:00:39] [Worker-Main-8/INFO]: [OptiFine] Scaled too small texture: minecraft:missingno, 16 -> 64
[14:00:39] [Worker-Main-8/INFO]: [OptiFine] Scaled too small texture: minecraft:optifine/ctm/default/empty, 16 -> 64
[14:00:39] [Worker-Main-12/INFO]: [OptiFine] Sprite size: 64
[14:00:39] [Worker-Main-12/INFO]: [OptiFine] Mipmap levels: 6
[14:00:39] [Worker-Main-12/INFO]: [OptiFine] Scaled too small texture: minecraft:missingno, 16 -> 64
[14:00:39] [Worker-Main-12/INFO]: [OptiFine] Scaled too small texture: minecraft:optifine/ctm/default/empty, 16 -> 64
[14:00:39] [Worker-Main-10/ERROR]: Failed to load model mahoutsukai:models/item/proximity_projection_keys2.json
com.google.gson.JsonParseException: Composite model requires a "children" element with at least one element.
	at net.minecraftforge.client.model.CompositeModel$Loader.read(CompositeModel.java:420) ~[forge-1.20.1-47.4.10-universal.jar%23247!/:?]
	at net.minecraftforge.client.model.CompositeModel$Loader.read(CompositeModel.java:403) ~[forge-1.20.1-47.4.10-universal.jar%23247!/:?]
	at net.minecraftforge.client.model.ExtendedBlockModelDeserializer.deserializeGeometry(ExtendedBlockModelDeserializer.java:105) ~[forge-1.20.1-47.4.10-universal.jar%23247!/:?]
	at net.minecraftforge.client.model.ExtendedBlockModelDeserializer.deserialize(ExtendedBlockModelDeserializer.java:55) ~[forge-1.20.1-47.4.10-universal.jar%23247!/:?]
	at net.minecraftforge.client.model.ExtendedBlockModelDeserializer.deserialize(ExtendedBlockModelDeserializer.java:38) ~[forge-1.20.1-47.4.10-universal.jar%23247!/:?]
	at com.google.gson.internal.bind.TreeTypeAdapter.read(TreeTypeAdapter.java:76) ~[gson-2.10.jar%23107!/:?]
	at net.minecraft.util.GsonHelper.m_13780_(GsonHelper.java:524) ~[client-1.20.1-20230612.114412-srg.jar%23242!/:?]
	at net.minecraft.util.GsonHelper.m_263475_(GsonHelper.java:531) ~[client-1.20.1-20230612.114412-srg.jar%23242!/:?]
	at net.minecraft.util.GsonHelper.m_13776_(GsonHelper.java:581) ~[client-1.20.1-20230612.114412-srg.jar%23242!/:?]
	at net.minecraft.client.renderer.block.model.BlockModel.m_111461_(BlockModel.java:74) ~[client-1.20.1-20230612.114412-srg.jar%23242!/:?]
	at net.minecraft.client.resources.model.ModelManager.m_246478_(ModelManager.java:110) ~[client-1.20.1-20230612.114412-srg.jar%23242!/:?]
	at java.util.concurrent.CompletableFuture$AsyncSupply.run(CompletableFuture.java:1768) ~[?:?]
	at java.util.concurrent.CompletableFuture$AsyncSupply.exec(CompletableFuture.java:1760) ~[?:?]
	at java.util.concurrent.ForkJoinTask.doExec(ForkJoinTask.java:373) ~[?:?]
	at java.util.concurrent.ForkJoinPool$WorkQueue.topLevelExec(ForkJoinPool.java:1182) ~[?:?]
	at java.util.concurrent.ForkJoinPool.scan(ForkJoinPool.java:1655) ~[?:?]
	at java.util.concurrent.ForkJoinPool.runWorker(ForkJoinPool.java:1622) ~[?:?]
	at java.util.concurrent.ForkJoinWorkerThread.run(ForkJoinWorkerThread.java:165) ~[?:?]
[14:00:39] [Worker-Main-7/WARN]: [OptiFine] Unknown resource pack type: Moonlight Mods Dynamic Assets
[14:00:39] [Worker-Main-7/INFO]: [OptiFine] Multipass connected textures: false
[14:00:40] [Worker-Main-7/WARN]: [OptiFine] Unknown resource pack type: net.minecraftforge.resource.DelegatingPackResources: mod_resources
[14:00:40] [Worker-Main-7/INFO]: [OptiFine] Multipass connected textures: false
[14:00:40] [Worker-Main-7/INFO]: [OptiFine] ConnectedTextures: optifine/ctm/default/00_glass_white/glass_pane_white.properties
[14:00:40] [Worker-Main-22/WARN]: Exception loading blockstate definition: 'ars_nouveau:blockstates/magelight_torch.json' missing model for variant: 'ars_nouveau:magelight_torch#facing=east,floor=true,level=1,roof=true'
[14:00:40] [Worker-Main-22/WARN]: Exception loading blockstate definition: 'ars_nouveau:blockstates/magelight_torch.json' missing model for variant: 'ars_nouveau:magelight_torch#facing=east,floor=true,level=0,roof=true'
[14:00:40] [Worker-Main-22/WARN]: Exception loading blockstate definition: 'ars_nouveau:blockstates/magelight_torch.json' missing model for variant: 'ars_nouveau:magelight_torch#facing=east,floor=true,level=3,roof=true'
[14:00:40] [Worker-Main-22/WARN]: Exception loading blockstate definition: 'ars_nouveau:blockstates/magelight_torch.json' missing model for variant: 'ars_nouveau:magelight_torch#facing=north,floor=true,level=10,roof=true'
[14:00:40] [Worker-Main-22/WARN]: Exception loading blockstate definition: 'ars_nouveau:blockstates/magelight_torch.json' missing model for variant: 'ars_nouveau:magelight_torch#facing=north,floor=true,level=11,roof=true'
[14:00:40] [Worker-Main-22/WARN]: Exception loading blockstate definition: 'ars_nouveau:blockstates/magelight_torch.json' missing model for variant: 'ars_nouveau:magelight_torch#facing=north,floor=true,level=9,roof=true'
[14:00:40] [Worker-Main-22/WARN]: Exception loading blockstate definition: 'ars_nouveau:blockstates/magelight_torch.json' missing model for variant: 'ars_nouveau:magelight_torch#facing=east,floor=true,level=2,roof=true'
[14:00:40] [Worker-Main-22/WARN]: Exception loading blockstate definition: 'ars_nouveau:blockstates/magelight_torch.json' missing model for variant: 'ars_nouveau:magelight_torch#facing=east,floor=true,level=7,roof=true'
[14:00:40] [Worker-Main-22/WARN]: Exception loading blockstate definition: 'ars_nouveau:blockstates/magelight_torch.json' missing model for variant: 'ars_nouveau:magelight_torch#facing=north,floor=true,level=4,roof=true'
[14:00:40] [Worker-Main-22/WARN]: Exception loading blockstate definition: 'ars_nouveau:blockstates/magelight_torch.json' missing model for variant: 'ars_nouveau:magelight_torch#facing=east,floor=true,level=8,roof=true'
[14:00:40] [Worker-Main-22/WARN]: Exception loading blockstate definition: 'ars_nouveau:blockstates/magelight_torch.json' missing model for variant: 'ars_nouveau:magelight_torch#facing=north,floor=true,level=14,roof=true'
[14:00:40] [Worker-Main-22/WARN]: Exception loading blockstate definition: 'ars_nouveau:blockstates/magelight_torch.json' missing model for variant: 'ars_nouveau:magelight_torch#facing=east,floor=true,level=12,roof=true'
[14:00:40] [Worker-Main-22/WARN]: Exception loading blockstate definition: 'ars_nouveau:blockstates/magelight_torch.json' missing model for variant: 'ars_nouveau:magelight_torch#facing=east,floor=true,level=13,roof=true'
[14:00:40] [Worker-Main-22/WARN]: Exception loading blockstate definition: 'ars_nouveau:blockstates/magelight_torch.json' missing model for variant: 'ars_nouveau:magelight_torch#facing=north,floor=true,level=13,roof=true'
[14:00:40] [Worker-Main-22/WARN]: Exception loading blockstate definition: 'ars_nouveau:blockstates/magelight_torch.json' missing model for variant: 'ars_nouveau:magelight_torch#facing=north,floor=true,level=3,roof=true'
[14:00:40] [Worker-Main-22/WARN]: Exception loading blockstate definition: 'ars_nouveau:blockstates/magelight_torch.json' missing model for variant: 'ars_nouveau:magelight_torch#facing=east,floor=true,level=14,roof=true'
[14:00:40] [Worker-Main-22/WARN]: Exception loading blockstate definition: 'ars_nouveau:blockstates/magelight_torch.json' missing model for variant: 'ars_nouveau:magelight_torch#facing=east,floor=true,level=11,roof=true'
[14:00:40] [Worker-Main-22/WARN]: Exception loading blockstate definition: 'ars_nouveau:blockstates/magelight_torch.json' missing model for variant: 'ars_nouveau:magelight_torch#facing=north,floor=true,level=2,roof=true'
[14:00:40] [Worker-Main-22/WARN]: Exception loading blockstate definition: 'ars_nouveau:blockstates/magelight_torch.json' missing model for variant: 'ars_nouveau:magelight_torch#facing=north,floor=true,level=5,roof=true'
[14:00:40] [Worker-Main-22/WARN]: Exception loading blockstate definition: 'ars_nouveau:blockstates/magelight_torch.json' missing model for variant: 'ars_nouveau:magelight_torch#facing=east,floor=true,level=15,roof=true'
[14:00:40] [Worker-Main-22/WARN]: Exception loading blockstate definition: 'ars_nouveau:blockstates/magelight_torch.json' missing model for variant: 'ars_nouveau:magelight_torch#facing=east,floor=true,level=9,roof=true'
[14:00:40] [Worker-Main-22/WARN]: Exception loading blockstate definition: 'ars_nouveau:blockstates/magelight_torch.json' missing model for variant: 'ars_nouveau:magelight_torch#facing=north,floor=true,level=15,roof=true'
[14:00:40] [Worker-Main-22/WARN]: Exception loading blockstate definition: 'ars_nouveau:blockstates/magelight_torch.json' missing model for variant: 'ars_nouveau:magelight_torch#facing=east,floor=true,level=6,roof=true'
[14:00:40] [Worker-Main-22/WARN]: Exception loading blockstate definition: 'ars_nouveau:blockstates/magelight_torch.json' missing model for variant: 'ars_nouveau:magelight_torch#facing=north,floor=true,level=12,roof=true'
[14:00:40] [Worker-Main-22/WARN]: Exception loading blockstate definition: 'ars_nouveau:blockstates/magelight_torch.json' missing model for variant: 'ars_nouveau:magelight_torch#facing=north,floor=true,level=8,roof=true'
[14:00:40] [Worker-Main-22/WARN]: Exception loading blockstate definition: 'ars_nouveau:blockstates/magelight_torch.json' missing model for variant: 'ars_nouveau:magelight_torch#facing=north,floor=true,level=0,roof=true'
[14:00:40] [Worker-Main-22/WARN]: Exception loading blockstate definition: 'ars_nouveau:blockstates/magelight_torch.json' missing model for variant: 'ars_nouveau:magelight_torch#facing=north,floor=true,level=7,roof=true'
[14:00:40] [Worker-Main-22/WARN]: Exception loading blockstate definition: 'ars_nouveau:blockstates/magelight_torch.json' missing model for variant: 'ars_nouveau:magelight_torch#facing=east,floor=true,level=4,roof=true'
[14:00:40] [Worker-Main-22/WARN]: Exception loading blockstate definition: 'ars_nouveau:blockstates/magelight_torch.json' missing model for variant: 'ars_nouveau:magelight_torch#facing=east,floor=true,level=5,roof=true'
[14:00:40] [Worker-Main-22/WARN]: Exception loading blockstate definition: 'ars_nouveau:blockstates/magelight_torch.json' missing model for variant: 'ars_nouveau:magelight_torch#facing=north,floor=true,level=6,roof=true'
[14:00:40] [Worker-Main-22/WARN]: Exception loading blockstate definition: 'ars_nouveau:blockstates/magelight_torch.json' missing model for variant: 'ars_nouveau:magelight_torch#facing=east,floor=true,level=10,roof=true'
[14:00:40] [Worker-Main-22/WARN]: Exception loading blockstate definition: 'ars_nouveau:blockstates/magelight_torch.json' missing model for variant: 'ars_nouveau:magelight_torch#facing=north,floor=true,level=1,roof=true'
[14:00:40] [Worker-Main-7/INFO]: [OptiFine] ConnectedTextures: optifine/ctm/default/00_glass_white/glass_white.properties
[14:00:40] [Worker-Main-7/INFO]: [OptiFine] ConnectedTextures: optifine/ctm/default/01_glass_orange/glass_orange.properties
[14:00:41] [Worker-Main-7/INFO]: [OptiFine] ConnectedTextures: optifine/ctm/default/01_glass_orange/glass_pane_orange.properties
[14:00:41] [Worker-Main-7/INFO]: [OptiFine] ConnectedTextures: optifine/ctm/default/02_glass_magenta/glass_magenta.properties
[14:00:41] [Worker-Main-7/INFO]: [OptiFine] ConnectedTextures: optifine/ctm/default/02_glass_magenta/glass_pane_magenta.properties
[14:00:41] [Worker-Main-7/INFO]: [OptiFine] ConnectedTextures: optifine/ctm/default/03_glass_light_blue/glass_light_blue.properties
[14:00:41] [Worker-Main-7/INFO]: [OptiFine] ConnectedTextures: optifine/ctm/default/03_glass_light_blue/glass_pane_light_blue.properties
[14:00:41] [Worker-Main-7/INFO]: [OptiFine] ConnectedTextures: optifine/ctm/default/04_glass_yellow/glass_pane_yellow.properties
[14:00:42] [Worker-Main-7/INFO]: [OptiFine] ConnectedTextures: optifine/ctm/default/04_glass_yellow/glass_yellow.properties
[14:00:42] [Worker-Main-7/INFO]: [OptiFine] ConnectedTextures: optifine/ctm/default/05_glass_lime/glass_lime.properties
[14:00:42] [Worker-Main-7/INFO]: [OptiFine] ConnectedTextures: optifine/ctm/default/05_glass_lime/glass_pane_lime.properties
[14:00:42] [Worker-Main-7/INFO]: [OptiFine] ConnectedTextures: optifine/ctm/default/06_glass_pink/glass_pane_pink.properties
[14:00:43] [Worker-Main-7/INFO]: [OptiFine] ConnectedTextures: optifine/ctm/default/06_glass_pink/glass_pink.properties
[14:00:43] [Worker-Main-7/INFO]: [OptiFine] ConnectedTextures: optifine/ctm/default/07_glass_gray/glass_gray.properties
[14:00:43] [Worker-Main-7/INFO]: [OptiFine] ConnectedTextures: optifine/ctm/default/07_glass_gray/glass_pane_gray.properties
[14:00:43] [Worker-Main-7/INFO]: [OptiFine] ConnectedTextures: optifine/ctm/default/08_glass_light_gray/glass_light_gray.properties
[14:00:43] [Worker-Main-7/INFO]: [OptiFine] ConnectedTextures: optifine/ctm/default/08_glass_light_gray/glass_pane_light_gray.properties
[14:00:43] [Worker-Main-7/INFO]: [OptiFine] ConnectedTextures: optifine/ctm/default/09_glass_cyan/glass_cyan.properties
[14:00:44] [Worker-Main-7/INFO]: [OptiFine] ConnectedTextures: optifine/ctm/default/09_glass_cyan/glass_pane_cyan.properties
[14:00:44] [Worker-Main-7/INFO]: [OptiFine] ConnectedTextures: optifine/ctm/default/10_glass_purple/glass_pane_purple.properties
[14:00:44] [Worker-Main-7/INFO]: [OptiFine] ConnectedTextures: optifine/ctm/default/10_glass_purple/glass_purple.properties
[14:00:44] [Worker-Main-7/INFO]: [OptiFine] ConnectedTextures: optifine/ctm/default/11_glass_blue/glass_blue.properties
[14:00:44] [Worker-Main-7/INFO]: [OptiFine] ConnectedTextures: optifine/ctm/default/11_glass_blue/glass_pane_blue.properties
[14:00:45] [Worker-Main-7/INFO]: [OptiFine] ConnectedTextures: optifine/ctm/default/12_glass_brown/glass_brown.properties
[14:00:45] [Worker-Main-7/INFO]: [OptiFine] ConnectedTextures: optifine/ctm/default/12_glass_brown/glass_pane_brown.properties
[14:00:45] [Worker-Main-7/INFO]: [OptiFine] ConnectedTextures: optifine/ctm/default/13_glass_green/glass_green.properties
[14:00:45] [Worker-Main-7/INFO]: [OptiFine] ConnectedTextures: optifine/ctm/default/13_glass_green/glass_pane_green.properties
[14:00:45] [Worker-Main-7/INFO]: [OptiFine] ConnectedTextures: optifine/ctm/default/14_glass_red/glass_pane_red.properties
[14:00:46] [Worker-Main-7/INFO]: [OptiFine] ConnectedTextures: optifine/ctm/default/14_glass_red/glass_red.properties
[14:00:46] [Worker-Main-7/INFO]: [OptiFine] ConnectedTextures: optifine/ctm/default/15_glass_black/glass_black.properties
[14:00:46] [Worker-Main-7/INFO]: [OptiFine] ConnectedTextures: optifine/ctm/default/15_glass_black/glass_pane_black.properties
[14:00:46] [Worker-Main-7/INFO]: [OptiFine] ConnectedTextures: optifine/ctm/default/20_glass/glass.properties
[14:00:46] [Worker-Main-7/INFO]: [OptiFine] ConnectedTextures: optifine/ctm/default/20_glass/glass_pane.properties
[14:00:46] [Worker-Main-7/INFO]: [OptiFine] ConnectedTextures: optifine/ctm/default/21_tinted_glass/tinted_glass.properties
[14:00:47] [Worker-Main-7/INFO]: [OptiFine] ConnectedTextures: optifine/ctm/default/30_bookshelf/bookshelf.properties
[14:00:47] [Worker-Main-7/INFO]: [OptiFine] ConnectedTextures: optifine/ctm/default/40_sandstone/sandstone.properties
[14:00:47] [Worker-Main-7/INFO]: [OptiFine] ConnectedTextures: optifine/ctm/default/41_red_sandstone/red_sandstone.properties
[14:00:47] [Worker-Main-7/INFO]: [OptiFine] Multipass connected textures: false
[14:00:47] [Worker-Main-7/INFO]: [OptiFine] BetterGrass: Parsing default configuration optifine/bettergrass.properties
[14:00:51] [Worker-Main-7/INFO]: [OptiFine] Mipmap levels: 4
[14:00:51] [Worker-Main-12/WARN]: Invalid frame index on sprite kubejs:item/pomagico frame 8: 8
[14:00:51] [Worker-Main-26/ERROR]: Unable to parse metadata from avaritia:item/mask
com.google.gson.JsonParseException: com.google.gson.stream.MalformedJsonException: Use JsonReader.setLenient(true) to accept malformed JSON at line 35 column 6 path $.animation.frames[30]
	at net.minecraft.util.GsonHelper.m_13780_(GsonHelper.java:526) ~[client-1.20.1-20230612.114412-srg.jar%23242!/:?]
	at net.minecraft.util.GsonHelper.m_263475_(GsonHelper.java:531) ~[client-1.20.1-20230612.114412-srg.jar%23242!/:?]
	at net.minecraft.util.GsonHelper.m_13861_(GsonHelper.java:593) ~[client-1.20.1-20230612.114412-srg.jar%23242!/:?]
	at net.minecraft.util.GsonHelper.m_13859_(GsonHelper.java:601) ~[client-1.20.1-20230612.114412-srg.jar%23242!/:?]
	at net.minecraft.server.packs.resources.ResourceMetadata.m_215580_(ResourceMetadata.java:25) ~[client-1.20.1-20230612.114412-srg.jar%23242!/:?]
	at net.minecraft.server.packs.resources.FallbackResourceManager.m_246183_(FallbackResourceManager.java:227) ~[client-1.20.1-20230612.114412-srg.jar%23242!/:?]
	at net.minecraft.server.packs.resources.FallbackResourceManager.m_244902_(FallbackResourceManager.java:221) ~[client-1.20.1-20230612.114412-srg.jar%23242!/:?]
	at net.minecraft.server.packs.resources.Resource.m_215509_(Resource.java:55) ~[client-1.20.1-20230612.114412-srg.jar%23242!/:?]
	at net.minecraft.client.renderer.texture.SpriteLoader.m_245083_(SpriteLoader.java:228) ~[client-1.20.1-20230612.114412-srg.jar%23242!/:?]
	at net.minecraft.client.renderer.texture.atlas.SpriteSource$Output.m_261059_(SpriteSource.java:22) ~[client-1.20.1-20230612.114412-srg.jar%23242!/:?]
	at java.util.concurrent.CompletableFuture$AsyncSupply.run(CompletableFuture.java:1768) ~[?:?]
	at java.util.concurrent.CompletableFuture$AsyncSupply.exec(CompletableFuture.java:1760) ~[?:?]
	at java.util.concurrent.ForkJoinTask.doExec(ForkJoinTask.java:373) ~[?:?]
	at java.util.concurrent.ForkJoinPool$WorkQueue.topLevelExec(ForkJoinPool.java:1182) ~[?:?]
	at java.util.concurrent.ForkJoinPool.scan(ForkJoinPool.java:1655) ~[?:?]
	at java.util.concurrent.ForkJoinPool.runWorker(ForkJoinPool.java:1622) ~[?:?]
	at java.util.concurrent.ForkJoinWorkerThread.run(ForkJoinWorkerThread.java:165) ~[?:?]
Caused by: com.google.gson.stream.MalformedJsonException: Use JsonReader.setLenient(true) to accept malformed JSON at line 35 column 6 path $.animation.frames[30]
	at com.google.gson.stream.JsonReader.syntaxError(JsonReader.java:1657) ~[gson-2.10.jar%23107!/:?]
	at com.google.gson.stream.JsonReader.checkLenient(JsonReader.java:1463) ~[gson-2.10.jar%23107!/:?]
	at com.google.gson.stream.JsonReader.doPeek(JsonReader.java:569) ~[gson-2.10.jar%23107!/:?]
	at com.google.gson.stream.JsonReader.hasNext(JsonReader.java:422) ~[gson-2.10.jar%23107!/:?]
	at com.google.gson.internal.bind.TypeAdapters$28.read(TypeAdapters.java:779) ~[gson-2.10.jar%23107!/:?]
	at com.google.gson.internal.bind.TypeAdapters$28.read(TypeAdapters.java:725) ~[gson-2.10.jar%23107!/:?]
	at com.google.gson.internal.bind.TypeAdapters$34$1.read(TypeAdapters.java:1007) ~[gson-2.10.jar%23107!/:?]
	at net.minecraft.util.GsonHelper.m_13780_(GsonHelper.java:524) ~[client-1.20.1-20230612.114412-srg.jar%23242!/:?]
	... 16 more
[14:00:51] [Worker-Main-26/ERROR]: Unable to parse metadata from avaritia:item/pull_1_mask
com.google.gson.JsonParseException: com.google.gson.stream.MalformedJsonException: Use JsonReader.setLenient(true) to accept malformed JSON at line 35 column 6 path $.animation.frames[30]
	at net.minecraft.util.GsonHelper.m_13780_(GsonHelper.java:526) ~[client-1.20.1-20230612.114412-srg.jar%23242!/:?]
	at net.minecraft.util.GsonHelper.m_263475_(GsonHelper.java:531) ~[client-1.20.1-20230612.114412-srg.jar%23242!/:?]
	at net.minecraft.util.GsonHelper.m_13861_(GsonHelper.java:593) ~[client-1.20.1-20230612.114412-srg.jar%23242!/:?]
	at net.minecraft.util.GsonHelper.m_13859_(GsonHelper.java:601) ~[client-1.20.1-20230612.114412-srg.jar%23242!/:?]
	at net.minecraft.server.packs.resources.ResourceMetadata.m_215580_(ResourceMetadata.java:25) ~[client-1.20.1-20230612.114412-srg.jar%23242!/:?]
	at net.minecraft.server.packs.resources.FallbackResourceManager.m_246183_(FallbackResourceManager.java:227) ~[client-1.20.1-20230612.114412-srg.jar%23242!/:?]
	at net.minecraft.server.packs.resources.FallbackResourceManager.m_244902_(FallbackResourceManager.java:221) ~[client-1.20.1-20230612.114412-srg.jar%23242!/:?]
	at net.minecraft.server.packs.resources.Resource.m_215509_(Resource.java:55) ~[client-1.20.1-20230612.114412-srg.jar%23242!/:?]
	at net.minecraft.client.renderer.texture.SpriteLoader.m_245083_(SpriteLoader.java:228) ~[client-1.20.1-20230612.114412-srg.jar%23242!/:?]
	at net.minecraft.client.renderer.texture.atlas.SpriteSource$Output.m_261059_(SpriteSource.java:22) ~[client-1.20.1-20230612.114412-srg.jar%23242!/:?]
	at java.util.concurrent.CompletableFuture$AsyncSupply.run(CompletableFuture.java:1768) ~[?:?]
	at java.util.concurrent.CompletableFuture$AsyncSupply.exec(CompletableFuture.java:1760) ~[?:?]
	at java.util.concurrent.ForkJoinTask.doExec(ForkJoinTask.java:373) ~[?:?]
	at java.util.concurrent.ForkJoinPool$WorkQueue.topLevelExec(ForkJoinPool.java:1182) ~[?:?]
	at java.util.concurrent.ForkJoinPool.scan(ForkJoinPool.java:1655) ~[?:?]
	at java.util.concurrent.ForkJoinPool.runWorker(ForkJoinPool.java:1622) ~[?:?]
	at java.util.concurrent.ForkJoinWorkerThread.run(ForkJoinWorkerThread.java:165) ~[?:?]
Caused by: com.google.gson.stream.MalformedJsonException: Use JsonReader.setLenient(true) to accept malformed JSON at line 35 column 6 path $.animation.frames[30]
	at com.google.gson.stream.JsonReader.syntaxError(JsonReader.java:1657) ~[gson-2.10.jar%23107!/:?]
	at com.google.gson.stream.JsonReader.checkLenient(JsonReader.java:1463) ~[gson-2.10.jar%23107!/:?]
	at com.google.gson.stream.JsonReader.doPeek(JsonReader.java:569) ~[gson-2.10.jar%23107!/:?]
	at com.google.gson.stream.JsonReader.hasNext(JsonReader.java:422) ~[gson-2.10.jar%23107!/:?]
	at com.google.gson.internal.bind.TypeAdapters$28.read(TypeAdapters.java:779) ~[gson-2.10.jar%23107!/:?]
	at com.google.gson.internal.bind.TypeAdapters$28.read(TypeAdapters.java:725) ~[gson-2.10.jar%23107!/:?]
	at com.google.gson.internal.bind.TypeAdapters$34$1.read(TypeAdapters.java:1007) ~[gson-2.10.jar%23107!/:?]
	at net.minecraft.util.GsonHelper.m_13780_(GsonHelper.java:524) ~[client-1.20.1-20230612.114412-srg.jar%23242!/:?]
	... 16 more
[14:00:51] [Worker-Main-10/ERROR]: Unable to parse metadata from avaritia:item/pull_0_mask
com.google.gson.JsonParseException: com.google.gson.stream.MalformedJsonException: Use JsonReader.setLenient(true) to accept malformed JSON at line 35 column 6 path $.animation.frames[30]
	at net.minecraft.util.GsonHelper.m_13780_(GsonHelper.java:526) ~[client-1.20.1-20230612.114412-srg.jar%23242!/:?]
	at net.minecraft.util.GsonHelper.m_263475_(GsonHelper.java:531) ~[client-1.20.1-20230612.114412-srg.jar%23242!/:?]
	at net.minecraft.util.GsonHelper.m_13861_(GsonHelper.java:593) ~[client-1.20.1-20230612.114412-srg.jar%23242!/:?]
	at net.minecraft.util.GsonHelper.m_13859_(GsonHelper.java:601) ~[client-1.20.1-20230612.114412-srg.jar%23242!/:?]
	at net.minecraft.server.packs.resources.ResourceMetadata.m_215580_(ResourceMetadata.java:25) ~[client-1.20.1-20230612.114412-srg.jar%23242!/:?]
	at net.minecraft.server.packs.resources.FallbackResourceManager.m_246183_(FallbackResourceManager.java:227) ~[client-1.20.1-20230612.114412-srg.jar%23242!/:?]
	at net.minecraft.server.packs.resources.FallbackResourceManager.m_244902_(FallbackResourceManager.java:221) ~[client-1.20.1-20230612.114412-srg.jar%23242!/:?]
	at net.minecraft.server.packs.resources.Resource.m_215509_(Resource.java:55) ~[client-1.20.1-20230612.114412-srg.jar%23242!/:?]
	at net.minecraft.client.renderer.texture.SpriteLoader.m_245083_(SpriteLoader.java:228) ~[client-1.20.1-20230612.114412-srg.jar%23242!/:?]
	at net.minecraft.client.renderer.texture.atlas.SpriteSource$Output.m_261059_(SpriteSource.java:22) ~[client-1.20.1-20230612.114412-srg.jar%23242!/:?]
	at java.util.concurrent.CompletableFuture$AsyncSupply.run(CompletableFuture.java:1768) ~[?:?]
	at java.util.concurrent.CompletableFuture$AsyncSupply.exec(CompletableFuture.java:1760) ~[?:?]
	at java.util.concurrent.ForkJoinTask.doExec(ForkJoinTask.java:373) ~[?:?]
	at java.util.concurrent.ForkJoinPool$WorkQueue.topLevelExec(ForkJoinPool.java:1182) ~[?:?]
	at java.util.concurrent.ForkJoinPool.scan(ForkJoinPool.java:1655) ~[?:?]
	at java.util.concurrent.ForkJoinPool.runWorker(ForkJoinPool.java:1622) ~[?:?]
	at java.util.concurrent.ForkJoinWorkerThread.run(ForkJoinWorkerThread.java:165) ~[?:?]
Caused by: com.google.gson.stream.MalformedJsonException: Use JsonReader.setLenient(true) to accept malformed JSON at line 35 column 6 path $.animation.frames[30]
	at com.google.gson.stream.JsonReader.syntaxError(JsonReader.java:1657) ~[gson-2.10.jar%23107!/:?]
	at com.google.gson.stream.JsonReader.checkLenient(JsonReader.java:1463) ~[gson-2.10.jar%23107!/:?]
	at com.google.gson.stream.JsonReader.doPeek(JsonReader.java:569) ~[gson-2.10.jar%23107!/:?]
	at com.google.gson.stream.JsonReader.hasNext(JsonReader.java:422) ~[gson-2.10.jar%23107!/:?]
	at com.google.gson.internal.bind.TypeAdapters$28.read(TypeAdapters.java:779) ~[gson-2.10.jar%23107!/:?]
	at com.google.gson.internal.bind.TypeAdapters$28.read(TypeAdapters.java:725) ~[gson-2.10.jar%23107!/:?]
	at com.google.gson.internal.bind.TypeAdapters$34$1.read(TypeAdapters.java:1007) ~[gson-2.10.jar%23107!/:?]
	at net.minecraft.util.GsonHelper.m_13780_(GsonHelper.java:524) ~[client-1.20.1-20230612.114412-srg.jar%23242!/:?]
	... 16 more
[14:00:51] [Worker-Main-5/WARN]: Unused frames in sprite kubejs:item/singularity: [3, 4, 5]
[14:00:51] [Worker-Main-6/WARN]: Unused frames in sprite avaritia:block/extreme_side: [8]
[14:00:51] [Worker-Main-7/ERROR]: Unable to parse metadata from avaritia:item/pull_2
com.google.gson.JsonParseException: com.google.gson.stream.MalformedJsonException: Use JsonReader.setLenient(true) to accept malformed JSON at line 35 column 6 path $.animation.frames[30]
	at net.minecraft.util.GsonHelper.m_13780_(GsonHelper.java:526) ~[client-1.20.1-20230612.114412-srg.jar%23242!/:?]
	at net.minecraft.util.GsonHelper.m_263475_(GsonHelper.java:531) ~[client-1.20.1-20230612.114412-srg.jar%23242!/:?]
	at net.minecraft.util.GsonHelper.m_13861_(GsonHelper.java:593) ~[client-1.20.1-20230612.114412-srg.jar%23242!/:?]
	at net.minecraft.util.GsonHelper.m_13859_(GsonHelper.java:601) ~[client-1.20.1-20230612.114412-srg.jar%23242!/:?]
	at net.minecraft.server.packs.resources.ResourceMetadata.m_215580_(ResourceMetadata.java:25) ~[client-1.20.1-20230612.114412-srg.jar%23242!/:?]
	at net.minecraft.server.packs.resources.FallbackResourceManager.m_246183_(FallbackResourceManager.java:227) ~[client-1.20.1-20230612.114412-srg.jar%23242!/:?]
	at net.minecraft.server.packs.resources.FallbackResourceManager.m_244902_(FallbackResourceManager.java:221) ~[client-1.20.1-20230612.114412-srg.jar%23242!/:?]
	at net.minecraft.server.packs.resources.Resource.m_215509_(Resource.java:55) ~[client-1.20.1-20230612.114412-srg.jar%23242!/:?]
	at net.minecraft.client.renderer.texture.SpriteLoader.m_245083_(SpriteLoader.java:228) ~[client-1.20.1-20230612.114412-srg.jar%23242!/:?]
	at net.minecraft.client.renderer.texture.atlas.SpriteSource$Output.m_261059_(SpriteSource.java:22) ~[client-1.20.1-20230612.114412-srg.jar%23242!/:?]
	at java.util.concurrent.CompletableFuture$AsyncSupply.run(CompletableFuture.java:1768) ~[?:?]
	at java.util.concurrent.CompletableFuture$AsyncSupply.exec(CompletableFuture.java:1760) ~[?:?]
	at java.util.concurrent.ForkJoinTask.doExec(ForkJoinTask.java:373) ~[?:?]
	at java.util.concurrent.ForkJoinPool$WorkQueue.topLevelExec(ForkJoinPool.java:1182) ~[?:?]
	at java.util.concurrent.ForkJoinPool.scan(ForkJoinPool.java:1655) ~[?:?]
	at java.util.concurrent.ForkJoinPool.runWorker(ForkJoinPool.java:1622) ~[?:?]
	at java.util.concurrent.ForkJoinWorkerThread.run(ForkJoinWorkerThread.java:165) ~[?:?]
Caused by: com.google.gson.stream.MalformedJsonException: Use JsonReader.setLenient(true) to accept malformed JSON at line 35 column 6 path $.animation.frames[30]
	at com.google.gson.stream.JsonReader.syntaxError(JsonReader.java:1657) ~[gson-2.10.jar%23107!/:?]
	at com.google.gson.stream.JsonReader.checkLenient(JsonReader.java:1463) ~[gson-2.10.jar%23107!/:?]
	at com.google.gson.stream.JsonReader.doPeek(JsonReader.java:569) ~[gson-2.10.jar%23107!/:?]
	at com.google.gson.stream.JsonReader.hasNext(JsonReader.java:422) ~[gson-2.10.jar%23107!/:?]
	at com.google.gson.internal.bind.TypeAdapters$28.read(TypeAdapters.java:779) ~[gson-2.10.jar%23107!/:?]
	at com.google.gson.internal.bind.TypeAdapters$28.read(TypeAdapters.java:725) ~[gson-2.10.jar%23107!/:?]
	at com.google.gson.internal.bind.TypeAdapters$34$1.read(TypeAdapters.java:1007) ~[gson-2.10.jar%23107!/:?]
	at net.minecraft.util.GsonHelper.m_13780_(GsonHelper.java:524) ~[client-1.20.1-20230612.114412-srg.jar%23242!/:?]
	... 16 more
[14:00:51] [Worker-Main-9/ERROR]: Unable to parse metadata from avaritia:item/pull_0
com.google.gson.JsonParseException: com.google.gson.stream.MalformedJsonException: Use JsonReader.setLenient(true) to accept malformed JSON at line 35 column 6 path $.animation.frames[30]
	at net.minecraft.util.GsonHelper.m_13780_(GsonHelper.java:526) ~[client-1.20.1-20230612.114412-srg.jar%23242!/:?]
	at net.minecraft.util.GsonHelper.m_263475_(GsonHelper.java:531) ~[client-1.20.1-20230612.114412-srg.jar%23242!/:?]
	at net.minecraft.util.GsonHelper.m_13861_(GsonHelper.java:593) ~[client-1.20.1-20230612.114412-srg.jar%23242!/:?]
	at net.minecraft.util.GsonHelper.m_13859_(GsonHelper.java:601) ~[client-1.20.1-20230612.114412-srg.jar%23242!/:?]
	at net.minecraft.server.packs.resources.ResourceMetadata.m_215580_(ResourceMetadata.java:25) ~[client-1.20.1-20230612.114412-srg.jar%23242!/:?]
	at net.minecraft.server.packs.resources.FallbackResourceManager.m_246183_(FallbackResourceManager.java:227) ~[client-1.20.1-20230612.114412-srg.jar%23242!/:?]
	at net.minecraft.server.packs.resources.FallbackResourceManager.m_244902_(FallbackResourceManager.java:221) ~[client-1.20.1-20230612.114412-srg.jar%23242!/:?]
	at net.minecraft.server.packs.resources.Resource.m_215509_(Resource.java:55) ~[client-1.20.1-20230612.114412-srg.jar%23242!/:?]
	at net.minecraft.client.renderer.texture.SpriteLoader.m_245083_(SpriteLoader.java:228) ~[client-1.20.1-20230612.114412-srg.jar%23242!/:?]
	at net.minecraft.client.renderer.texture.atlas.SpriteSource$Output.m_261059_(SpriteSource.java:22) ~[client-1.20.1-20230612.114412-srg.jar%23242!/:?]
	at java.util.concurrent.CompletableFuture$AsyncSupply.run(CompletableFuture.java:1768) ~[?:?]
	at java.util.concurrent.CompletableFuture$AsyncSupply.exec(CompletableFuture.java:1760) ~[?:?]
	at java.util.concurrent.ForkJoinTask.doExec(ForkJoinTask.java:373) ~[?:?]
	at java.util.concurrent.ForkJoinPool$WorkQueue.topLevelExec(ForkJoinPool.java:1182) ~[?:?]
	at java.util.concurrent.ForkJoinPool.scan(ForkJoinPool.java:1655) ~[?:?]
	at java.util.concurrent.ForkJoinPool.runWorker(ForkJoinPool.java:1622) ~[?:?]
	at java.util.concurrent.ForkJoinWorkerThread.run(ForkJoinWorkerThread.java:165) ~[?:?]
Caused by: com.google.gson.stream.MalformedJsonException: Use JsonReader.setLenient(true) to accept malformed JSON at line 35 column 6 path $.animation.frames[30]
	at com.google.gson.stream.JsonReader.syntaxError(JsonReader.java:1657) ~[gson-2.10.jar%23107!/:?]
	at com.google.gson.stream.JsonReader.checkLenient(JsonReader.java:1463) ~[gson-2.10.jar%23107!/:?]
	at com.google.gson.stream.JsonReader.doPeek(JsonReader.java:569) ~[gson-2.10.jar%23107!/:?]
	at com.google.gson.stream.JsonReader.hasNext(JsonReader.java:422) ~[gson-2.10.jar%23107!/:?]
	at com.google.gson.internal.bind.TypeAdapters$28.read(TypeAdapters.java:779) ~[gson-2.10.jar%23107!/:?]
	at com.google.gson.internal.bind.TypeAdapters$28.read(TypeAdapters.java:725) ~[gson-2.10.jar%23107!/:?]
	at com.google.gson.internal.bind.TypeAdapters$34$1.read(TypeAdapters.java:1007) ~[gson-2.10.jar%23107!/:?]
	at net.minecraft.util.GsonHelper.m_13780_(GsonHelper.java:524) ~[client-1.20.1-20230612.114412-srg.jar%23242!/:?]
	... 16 more
[14:00:51] [Worker-Main-6/ERROR]: Unable to parse metadata from avaritia:item/pull_1
com.google.gson.JsonParseException: com.google.gson.stream.MalformedJsonException: Use JsonReader.setLenient(true) to accept malformed JSON at line 35 column 6 path $.animation.frames[30]
	at net.minecraft.util.GsonHelper.m_13780_(GsonHelper.java:526) ~[client-1.20.1-20230612.114412-srg.jar%23242!/:?]
	at net.minecraft.util.GsonHelper.m_263475_(GsonHelper.java:531) ~[client-1.20.1-20230612.114412-srg.jar%23242!/:?]
	at net.minecraft.util.GsonHelper.m_13861_(GsonHelper.java:593) ~[client-1.20.1-20230612.114412-srg.jar%23242!/:?]
	at net.minecraft.util.GsonHelper.m_13859_(GsonHelper.java:601) ~[client-1.20.1-20230612.114412-srg.jar%23242!/:?]
	at net.minecraft.server.packs.resources.ResourceMetadata.m_215580_(ResourceMetadata.java:25) ~[client-1.20.1-20230612.114412-srg.jar%23242!/:?]
	at net.minecraft.server.packs.resources.FallbackResourceManager.m_246183_(FallbackResourceManager.java:227) ~[client-1.20.1-20230612.114412-srg.jar%23242!/:?]
	at net.minecraft.server.packs.resources.FallbackResourceManager.m_244902_(FallbackResourceManager.java:221) ~[client-1.20.1-20230612.114412-srg.jar%23242!/:?]
	at net.minecraft.server.packs.resources.Resource.m_215509_(Resource.java:55) ~[client-1.20.1-20230612.114412-srg.jar%23242!/:?]
	at net.minecraft.client.renderer.texture.SpriteLoader.m_245083_(SpriteLoader.java:228) ~[client-1.20.1-20230612.114412-srg.jar%23242!/:?]
	at net.minecraft.client.renderer.texture.atlas.SpriteSource$Output.m_261059_(SpriteSource.java:22) ~[client-1.20.1-20230612.114412-srg.jar%23242!/:?]
	at java.util.concurrent.CompletableFuture$AsyncSupply.run(CompletableFuture.java:1768) ~[?:?]
	at java.util.concurrent.CompletableFuture$AsyncSupply.exec(CompletableFuture.java:1760) ~[?:?]
	at java.util.concurrent.ForkJoinTask.doExec(ForkJoinTask.java:373) ~[?:?]
	at java.util.concurrent.ForkJoinPool$WorkQueue.topLevelExec(ForkJoinPool.java:1182) ~[?:?]
	at java.util.concurrent.ForkJoinPool.scan(ForkJoinPool.java:1655) ~[?:?]
	at java.util.concurrent.ForkJoinPool.runWorker(ForkJoinPool.java:1622) ~[?:?]
	at java.util.concurrent.ForkJoinWorkerThread.run(ForkJoinWorkerThread.java:165) ~[?:?]
Caused by: com.google.gson.stream.MalformedJsonException: Use JsonReader.setLenient(true) to accept malformed JSON at line 35 column 6 path $.animation.frames[30]
	at com.google.gson.stream.JsonReader.syntaxError(JsonReader.java:1657) ~[gson-2.10.jar%23107!/:?]
	at com.google.gson.stream.JsonReader.checkLenient(JsonReader.java:1463) ~[gson-2.10.jar%23107!/:?]
	at com.google.gson.stream.JsonReader.doPeek(JsonReader.java:569) ~[gson-2.10.jar%23107!/:?]
	at com.google.gson.stream.JsonReader.hasNext(JsonReader.java:422) ~[gson-2.10.jar%23107!/:?]
	at com.google.gson.internal.bind.TypeAdapters$28.read(TypeAdapters.java:779) ~[gson-2.10.jar%23107!/:?]
	at com.google.gson.internal.bind.TypeAdapters$28.read(TypeAdapters.java:725) ~[gson-2.10.jar%23107!/:?]
	at com.google.gson.internal.bind.TypeAdapters$34$1.read(TypeAdapters.java:1007) ~[gson-2.10.jar%23107!/:?]
	at net.minecraft.util.GsonHelper.m_13780_(GsonHelper.java:524) ~[client-1.20.1-20230612.114412-srg.jar%23242!/:?]
	... 16 more
[14:00:51] [Worker-Main-22/ERROR]: Unable to parse metadata from avaritia:item/idle_mask
com.google.gson.JsonParseException: com.google.gson.stream.MalformedJsonException: Use JsonReader.setLenient(true) to accept malformed JSON at line 35 column 6 path $.animation.frames[30]
	at net.minecraft.util.GsonHelper.m_13780_(GsonHelper.java:526) ~[client-1.20.1-20230612.114412-srg.jar%23242!/:?]
	at net.minecraft.util.GsonHelper.m_263475_(GsonHelper.java:531) ~[client-1.20.1-20230612.114412-srg.jar%23242!/:?]
	at net.minecraft.util.GsonHelper.m_13861_(GsonHelper.java:593) ~[client-1.20.1-20230612.114412-srg.jar%23242!/:?]
	at net.minecraft.util.GsonHelper.m_13859_(GsonHelper.java:601) ~[client-1.20.1-20230612.114412-srg.jar%23242!/:?]
	at net.minecraft.server.packs.resources.ResourceMetadata.m_215580_(ResourceMetadata.java:25) ~[client-1.20.1-20230612.114412-srg.jar%23242!/:?]
	at net.minecraft.server.packs.resources.FallbackResourceManager.m_246183_(FallbackResourceManager.java:227) ~[client-1.20.1-20230612.114412-srg.jar%23242!/:?]
	at net.minecraft.server.packs.resources.FallbackResourceManager.m_244902_(FallbackResourceManager.java:221) ~[client-1.20.1-20230612.114412-srg.jar%23242!/:?]
	at net.minecraft.server.packs.resources.Resource.m_215509_(Resource.java:55) ~[client-1.20.1-20230612.114412-srg.jar%23242!/:?]
	at net.minecraft.client.renderer.texture.SpriteLoader.m_245083_(SpriteLoader.java:228) ~[client-1.20.1-20230612.114412-srg.jar%23242!/:?]
	at net.minecraft.client.renderer.texture.atlas.SpriteSource$Output.m_261059_(SpriteSource.java:22) ~[client-1.20.1-20230612.114412-srg.jar%23242!/:?]
	at java.util.concurrent.CompletableFuture$AsyncSupply.run(CompletableFuture.java:1768) ~[?:?]
	at java.util.concurrent.CompletableFuture$AsyncSupply.exec(CompletableFuture.java:1760) ~[?:?]
	at java.util.concurrent.ForkJoinTask.doExec(ForkJoinTask.java:373) ~[?:?]
	at java.util.concurrent.ForkJoinPool$WorkQueue.topLevelExec(ForkJoinPool.java:1182) ~[?:?]
	at java.util.concurrent.ForkJoinPool.scan(ForkJoinPool.java:1655) ~[?:?]
	at java.util.concurrent.ForkJoinPool.runWorker(ForkJoinPool.java:1622) ~[?:?]
	at java.util.concurrent.ForkJoinWorkerThread.run(ForkJoinWorkerThread.java:165) ~[?:?]
Caused by: com.google.gson.stream.MalformedJsonException: Use JsonReader.setLenient(true) to accept malformed JSON at line 35 column 6 path $.animation.frames[30]
	at com.google.gson.stream.JsonReader.syntaxError(JsonReader.java:1657) ~[gson-2.10.jar%23107!/:?]
	at com.google.gson.stream.JsonReader.checkLenient(JsonReader.java:1463) ~[gson-2.10.jar%23107!/:?]
	at com.google.gson.stream.JsonReader.doPeek(JsonReader.java:569) ~[gson-2.10.jar%23107!/:?]
	at com.google.gson.stream.JsonReader.hasNext(JsonReader.java:422) ~[gson-2.10.jar%23107!/:?]
	at com.google.gson.internal.bind.TypeAdapters$28.read(TypeAdapters.java:779) ~[gson-2.10.jar%23107!/:?]
	at com.google.gson.internal.bind.TypeAdapters$28.read(TypeAdapters.java:725) ~[gson-2.10.jar%23107!/:?]
	at com.google.gson.internal.bind.TypeAdapters$34$1.read(TypeAdapters.java:1007) ~[gson-2.10.jar%23107!/:?]
	at net.minecraft.util.GsonHelper.m_13780_(GsonHelper.java:524) ~[client-1.20.1-20230612.114412-srg.jar%23242!/:?]
	... 16 more
[14:00:51] [Worker-Main-20/WARN]: Unused frames in sprite avaritia:item/infinity_ingot: [0, 1, 2, 3, 4]
[14:00:51] [Worker-Main-7/ERROR]: Unable to parse metadata from avaritia:item/pull_2_mask
com.google.gson.JsonParseException: com.google.gson.stream.MalformedJsonException: Use JsonReader.setLenient(true) to accept malformed JSON at line 35 column 6 path $.animation.frames[30]
	at net.minecraft.util.GsonHelper.m_13780_(GsonHelper.java:526) ~[client-1.20.1-20230612.114412-srg.jar%23242!/:?]
	at net.minecraft.util.GsonHelper.m_263475_(GsonHelper.java:531) ~[client-1.20.1-20230612.114412-srg.jar%23242!/:?]
	at net.minecraft.util.GsonHelper.m_13861_(GsonHelper.java:593) ~[client-1.20.1-20230612.114412-srg.jar%23242!/:?]
	at net.minecraft.util.GsonHelper.m_13859_(GsonHelper.java:601) ~[client-1.20.1-20230612.114412-srg.jar%23242!/:?]
	at net.minecraft.server.packs.resources.ResourceMetadata.m_215580_(ResourceMetadata.java:25) ~[client-1.20.1-20230612.114412-srg.jar%23242!/:?]
	at net.minecraft.server.packs.resources.FallbackResourceManager.m_246183_(FallbackResourceManager.java:227) ~[client-1.20.1-20230612.114412-srg.jar%23242!/:?]
	at net.minecraft.server.packs.resources.FallbackResourceManager.m_244902_(FallbackResourceManager.java:221) ~[client-1.20.1-20230612.114412-srg.jar%23242!/:?]
	at net.minecraft.server.packs.resources.Resource.m_215509_(Resource.java:55) ~[client-1.20.1-20230612.114412-srg.jar%23242!/:?]
	at net.minecraft.client.renderer.texture.SpriteLoader.m_245083_(SpriteLoader.java:228) ~[client-1.20.1-20230612.114412-srg.jar%23242!/:?]
	at net.minecraft.client.renderer.texture.atlas.SpriteSource$Output.m_261059_(SpriteSource.java:22) ~[client-1.20.1-20230612.114412-srg.jar%23242!/:?]
	at java.util.concurrent.CompletableFuture$AsyncSupply.run(CompletableFuture.java:1768) ~[?:?]
	at java.util.concurrent.CompletableFuture$AsyncSupply.exec(CompletableFuture.java:1760) ~[?:?]
	at java.util.concurrent.ForkJoinTask.doExec(ForkJoinTask.java:373) ~[?:?]
	at java.util.concurrent.ForkJoinPool$WorkQueue.topLevelExec(ForkJoinPool.java:1182) ~[?:?]
	at java.util.concurrent.ForkJoinPool.scan(ForkJoinPool.java:1655) ~[?:?]
	at java.util.concurrent.ForkJoinPool.runWorker(ForkJoinPool.java:1622) ~[?:?]
	at java.util.concurrent.ForkJoinWorkerThread.run(ForkJoinWorkerThread.java:165) ~[?:?]
Caused by: com.google.gson.stream.MalformedJsonException: Use JsonReader.setLenient(true) to accept malformed JSON at line 35 column 6 path $.animation.frames[30]
	at com.google.gson.stream.JsonReader.syntaxError(JsonReader.java:1657) ~[gson-2.10.jar%23107!/:?]
	at com.google.gson.stream.JsonReader.checkLenient(JsonReader.java:1463) ~[gson-2.10.jar%23107!/:?]
	at com.google.gson.stream.JsonReader.doPeek(JsonReader.java:569) ~[gson-2.10.jar%23107!/:?]
	at com.google.gson.stream.JsonReader.hasNext(JsonReader.java:422) ~[gson-2.10.jar%23107!/:?]
	at com.google.gson.internal.bind.TypeAdapters$28.read(TypeAdapters.java:779) ~[gson-2.10.jar%23107!/:?]
	at com.google.gson.internal.bind.TypeAdapters$28.read(TypeAdapters.java:725) ~[gson-2.10.jar%23107!/:?]
	at com.google.gson.internal.bind.TypeAdapters$34$1.read(TypeAdapters.java:1007) ~[gson-2.10.jar%23107!/:?]
	at net.minecraft.util.GsonHelper.m_13780_(GsonHelper.java:524) ~[client-1.20.1-20230612.114412-srg.jar%23242!/:?]
	... 16 more
[14:00:51] [Worker-Main-7/INFO]: [OptiFine] Scaled non power of 2: mahoutsukai:block/runes, 199 -> 208
[14:00:51] [Worker-Main-7/INFO]: [OptiFine] Scaled non power of 2: createdieselgenerators:block/canister, 24 -> 32
[14:00:52] [Worker-Main-4/WARN]: Missing textures in model createdieselgenerators:gasoline#level=5:
    minecraft:textures/atlas/blocks.png:createdieselgenerators:fluid/gasoline_still
[14:00:52] [Worker-Main-4/WARN]: Missing textures in model createdieselgenerators:crude_oil#level=14:
    minecraft:textures/atlas/blocks.png:createdieselgenerators:fluid/crude_oil_still
[14:00:52] [Worker-Main-4/WARN]: Missing textures in model createdieselgenerators:diesel#level=14:
    minecraft:textures/atlas/blocks.png:createdieselgenerators:fluid/diesel_still
[14:00:52] [Worker-Main-4/WARN]: Missing textures in model createdieselgenerators:biodiesel#level=3:
    minecraft:textures/atlas/blocks.png:createdieselgenerators:fluid/biodiesel_still
[14:00:52] [Worker-Main-4/WARN]: Missing textures in model createdieselgenerators:plant_oil#level=15:
    minecraft:textures/atlas/blocks.png:createdieselgenerators:fluid/plant_oil_still
[14:00:52] [Worker-Main-4/WARN]: Missing textures in model createdieselgenerators:ethanol#level=0:
    minecraft:textures/atlas/blocks.png:createdieselgenerators:fluid/ethanol_still
[14:00:52] [Worker-Main-4/WARN]: Missing textures in model kubejs:machine_block#:
    minecraft:textures/atlas/blocks.png:kubejs:block/machine_block
[14:00:52] [Worker-Main-4/WARN]: Missing textures in model ars_nouveau:redstone_relay#facing=east,power=8:
    minecraft:textures/atlas/blocks.png:ars_nouveau:blocks/agronomic_sourcelink
[14:00:52] [Worker-Main-4/WARN]: Missing textures in model kubejs:machine_block#inventory:
    minecraft:textures/atlas/blocks.png:kubejs:block/machine_block
[14:00:53] [Render thread/INFO]: Loaded all shader sources.
[14:00:53] [Render thread/WARN]: Missing sound for event: minecraft:item.goat_horn.play
[14:00:53] [Render thread/WARN]: Missing sound for event: minecraft:entity.goat.screaming.horn_break
[14:00:53] [Render thread/INFO]: OpenAL initialized on device OpenAL Soft on Fones de ouvido (3- Fuxi-H3 )
[14:00:53] [Render thread/INFO]: Sound engine started
[14:00:53] [Render thread/INFO]: Created: 4096x2048x4 minecraft:textures/atlas/blocks.png-atlas
[14:00:53] [Render thread/INFO]: [OptiFine] Animated sprites: 305
[14:00:53] [Render thread/INFO]: Created: 256x256x4 minecraft:textures/atlas/signs.png-atlas
[14:00:53] [Render thread/INFO]: [OptiFine] Animated sprites: 0
[14:00:53] [Render thread/INFO]: Created: 512x512x4 minecraft:textures/atlas/banner_patterns.png-atlas
[14:00:53] [Render thread/INFO]: [OptiFine] Animated sprites: 0
[14:00:53] [Render thread/INFO]: Created: 512x512x4 minecraft:textures/atlas/shield_patterns.png-atlas
[14:00:53] [Render thread/INFO]: [OptiFine] Animated sprites: 0
[14:00:53] [Render thread/INFO]: Created: 1024x1024x4 minecraft:textures/atlas/armor_trims.png-atlas
[14:00:53] [Render thread/INFO]: [OptiFine] Animated sprites: 0
[14:00:53] [Render thread/INFO]: Created: 128x64x4 minecraft:textures/atlas/decorated_pot.png-atlas
[14:00:53] [Render thread/INFO]: [OptiFine] Animated sprites: 0
[14:00:53] [Render thread/INFO]: Created: 256x256x4 minecraft:textures/atlas/chest.png-atlas
[14:00:53] [Render thread/INFO]: [OptiFine] Animated sprites: 0
[14:00:53] [Render thread/INFO]: Created: 512x256x4 minecraft:textures/atlas/beds.png-atlas
[14:00:53] [Render thread/INFO]: [OptiFine] Animated sprites: 0
[14:00:53] [Render thread/INFO]: Created: 512x256x4 minecraft:textures/atlas/shulker_boxes.png-atlas
[14:00:53] [Render thread/INFO]: [OptiFine] Animated sprites: 0
[14:00:53] [Render thread/WARN]: Shader rendertype_entity_translucent_emissive could not find sampler named Sampler2 in the specified shader program.
[14:00:53] [Render thread/WARN]: Shader moonlight:text_alpha_color could not find sampler named Sampler2 in the specified shader program.
[14:00:53] [Render thread/WARN]: Shader moonlight:text_alpha_color could not find uniform named IViewRotMat in the specified shader program.
[14:00:53] [Render thread/WARN]: Shader botania:film_grain_particle could not find sampler named Sampler2 in the specified shader program.
[14:00:53] [Render thread/INFO]: Created: 1024x512x0 minecraft:textures/atlas/particles.png-atlas
[14:00:53] [Render thread/INFO]: [OptiFine] Animated sprites: 1
[14:00:53] [Render thread/INFO]: Created: 256x256x0 minecraft:textures/atlas/paintings.png-atlas
[14:00:53] [Render thread/INFO]: [OptiFine] Animated sprites: 0
[14:00:53] [Render thread/INFO]: Created: 256x256x0 minecraft:textures/atlas/mob_effects.png-atlas
[14:00:53] [Render thread/INFO]: [OptiFine] Animated sprites: 0
[14:00:53] [Render thread/INFO]: Created: 256x256x0 moonlight:textures/atlas/map_markers.png-atlas
[14:00:53] [Render thread/INFO]: [OptiFine] Animated sprites: 0
[14:00:53] [Render thread/INFO]: Created: 256x256x0 jei:textures/atlas/gui.png-atlas
[14:00:53] [Render thread/INFO]: [OptiFine] Animated sprites: 0
[14:00:53] [Render thread/INFO]: Rebuilding ingredient filter...
[14:00:54] [Render thread/INFO]: Rebuilding ingredient filter took 325.8 ms
[14:00:54] [Render thread/INFO]: Created: 512x256x0 mekanism:textures/atlas/robit.png-atlas
[14:00:54] [Render thread/INFO]: [OptiFine] Animated sprites: 0
[14:00:54] [Render thread/INFO]: BookContentResourceListenerLoader preloaded 558 jsons
[14:00:54] [Render thread/INFO]: Reloading resource pack-based books
[14:00:54] [Render thread/INFO]: BookContentResourceListenerLoader: Files found in 260.1 ?s
[14:00:54] [Render thread/INFO]: BookContentResourceListenerLoader: Files found in 390.8 ?s
[14:00:54] [Render thread/INFO]: BookContentResourceListenerLoader: Files found in 291.7 ?s
[14:00:54] [Render thread/INFO]: BookContentResourceListenerLoader: Files found in 46.60 ?s
[14:00:54] [Render thread/INFO]: BookContentResourceListenerLoader: Files found in 34.00 ?s
[14:00:54] [Render thread/INFO]: BookContentResourceListenerLoader: Files found in 13.80 ?s
[14:00:54] [Render thread/INFO]: BookContentResourceListenerLoader: Files found in 349.7 ?s
[14:00:54] [Render thread/INFO]: BookContentResourceListenerLoader: Files found in 345.5 ?s
[14:00:54] [Render thread/INFO]: BookContentResourceListenerLoader: Files found in 277.8 ?s
[14:00:54] [Render thread/INFO]: Loaded 51 train hat configurations.
[14:00:54] [Render thread/INFO]: [OptiFine] *** Reloading custom textures ***
[14:00:54] [Render thread/WARN]: [OptiFine] Unknown resource pack type: net.minecraftforge.resource.DelegatingPackResources: mod_resources
[14:00:54] [Render thread/WARN]: [OptiFine] Unknown resource pack type: Moonlight Mods Dynamic Assets
[14:00:54] [Render thread/WARN]: [OptiFine] Unknown resource pack type: net.minecraftforge.resource.DelegatingPackResources: mod_resources
[14:00:54] [Render thread/WARN]: [OptiFine] Unknown resource pack type: Moonlight Mods Dynamic Assets
[14:00:54] [Render thread/WARN]: [OptiFine] Unknown resource pack type: net.minecraftforge.resource.DelegatingPackResources: mod_resources
[14:00:54] [Render thread/WARN]: [OptiFine] Unknown resource pack type: Moonlight Mods Dynamic Assets
[14:00:58] [Render thread/WARN]: [OptiFine] Unknown resource pack type: Moonlight Mods Dynamic Assets
[14:00:58] [Render thread/WARN]: [OptiFine] Unknown resource pack type: net.minecraftforge.resource.DelegatingPackResources: mod_resources
[14:00:58] [Render thread/WARN]: [OptiFine] Unknown resource pack type: net.minecraftforge.resource.DelegatingPackResources: mod_resources
[14:00:58] [Render thread/WARN]: [OptiFine] Unknown resource pack type: Moonlight Mods Dynamic Assets
[14:00:58] [Render thread/INFO]: [OptiFine] Disable Forge light pipeline
[14:00:58] [Render thread/INFO]: [OptiFine] Set ForgeConfig.CLIENT.experimentalForgeLightPipelineEnabled=false
[14:01:23] [Server thread/INFO]: Saving and pausing game...
[14:01:23] [Server thread/INFO]: Saving chunks for level 'ServerLevel[Novo mundo]'/minecraft:overworld
[14:01:23] [Server thread/INFO]: Saving chunks for level 'ServerLevel[Novo mundo]'/minecraft:the_end
[14:01:23] [Server thread/INFO]: Saving chunks for level 'ServerLevel[Novo mundo]'/minecraft:the_nether
[14:01:23] [Server thread/INFO]: Saving chunks for level 'ServerLevel[Novo mundo]'/mahoutsukai:reality_marble
[14:02:53] [Render thread/INFO]: Stopping!
[14:02:53] [Render thread/INFO]: JEI StartEventObserver received class net.minecraftforge.client.event.ClientPlayerNetworkEvent$LoggingOut
[14:02:53] [Render thread/INFO]: JEI StartEventObserver transitioning state from JEI_STARTED to DISABLED
[14:02:53] [Render thread/INFO]: Stopping JEI
[14:02:53] [Render thread/INFO]: Sending Runtime Unavailable...
[14:02:53] [Render thread/INFO]: Stopping JEI GUI
[14:02:53] [Render thread/INFO]: Sending Runtime Unavailable took 1.911 ms
[14:02:54] [Server thread/INFO]: maycon2 lost connection: Desconectado
[14:02:54] [Server thread/INFO]: maycon2 saiu do jogo
[14:02:54] [Server thread/INFO]: Stopping singleplayer server as player logged out
[14:02:54] [Server thread/INFO]: Stopping server
[14:02:54] [Server thread/INFO]: Saving players
[14:02:54] [Server thread/INFO]: Saving worlds
[14:02:54] [Server thread/INFO]: Saving chunks for level 'ServerLevel[Novo mundo]'/minecraft:overworld
[14:02:54] [Server thread/INFO]: Saving chunks for level 'ServerLevel[Novo mundo]'/minecraft:the_end
[14:02:54] [Server thread/INFO]: Saving chunks for level 'ServerLevel[Novo mundo]'/minecraft:the_nether
[14:02:54] [Server thread/INFO]: Saving chunks for level 'ServerLevel[Novo mundo]'/mahoutsukai:reality_marble
[14:02:54] [Server thread/INFO]: ThreadedAnvilChunkStorage (Novo mundo): All chunks are saved
[14:02:54] [Server thread/INFO]: ThreadedAnvilChunkStorage (DIM1): All chunks are saved
[14:02:54] [Server thread/INFO]: ThreadedAnvilChunkStorage (DIM-1): All chunks are saved
[14:02:54] [Server thread/INFO]: ThreadedAnvilChunkStorage (reality_marble): All chunks are saved
[14:02:54] [Server thread/INFO]: ThreadedAnvilChunkStorage: All dimensions are saved
